Sport,NOC,Medal,vitorias por medalha,
Aquatics,ANZ,Bronze,3,
Aquatics,ANZ,Gold,5,
Aquatics,ANZ,Silver,3,
Aquatics,ARG,Bronze,1,
Aquatics,ARG,Gold,1,
Aquatics,ARG,Silver,1,
Aquatics,AUS,Bronze,119,
Aquatics,AUS,Gold,114,
Aquatics,AUS,Silver,121,
Aquatics,AUT,Bronze,8,
Aquatics,AUT,Gold,1,
Aquatics,AUT,Silver,6,
Aquatics,BEL,Bronze,18,
Aquatics,BEL,Gold,1,
Aquatics,BEL,Silver,34,
Aquatics,BRA,Bronze,13,
Aquatics,BRA,Gold,1,
Aquatics,BRA,Silver,3,
Aquatics,BUL,Bronze,1,
Aquatics,BUL,Gold,1,
Aquatics,BUL,Silver,1,
Aquatics,CAN,Bronze,58,
Aquatics,CAN,Gold,12,
Aquatics,CAN,Silver,42,
Aquatics,CHN,Bronze,29,
Aquatics,CHN,Gold,43,
Aquatics,CHN,Silver,46,
Aquatics,CRC,Bronze,2,
Aquatics,CRC,Gold,1,
Aquatics,CRC,Silver,1,
Aquatics,CRO,Silver,14,
Aquatics,CUB,Bronze,1,
Aquatics,CUB,Silver,1,
Aquatics,DEN,Bronze,6,
Aquatics,DEN,Gold,3,
Aquatics,DEN,Silver,8,
Aquatics,EGY,Bronze,1,
Aquatics,EGY,Silver,1,
Aquatics,ESP,Bronze,3,
Aquatics,ESP,Gold,14,
Aquatics,ESP,Silver,24,
Aquatics,EUA,Bronze,12,
Aquatics,EUA,Gold,4,
Aquatics,EUA,Silver,15,
Aquatics,EUN,Bronze,18,
Aquatics,EUN,Gold,11,
Aquatics,EUN,Silver,16,
Aquatics,FIN,Bronze,3,
Aquatics,FIN,Silver,1,
Aquatics,FRA,Bronze,53,
Aquatics,FRA,Gold,15,
Aquatics,FRA,Silver,21,
Aquatics,FRG,Bronze,45,
Aquatics,FRG,Gold,3,
Aquatics,FRG,Silver,14,
Aquatics,GBR,Bronze,50,
Aquatics,GBR,Gold,49,
Aquatics,GBR,Silver,39,
Aquatics,GDR,Bronze,31,
Aquatics,GDR,Gold,55,
Aquatics,GDR,Silver,58,
Aquatics,GER,Bronze,80,
Aquatics,GER,Gold,27,
Aquatics,GER,Silver,68,
Aquatics,GRE,Bronze,3,
Aquatics,GRE,Gold,3,
Aquatics,GRE,Silver,16,
Aquatics,HUN,Bronze,57,
Aquatics,HUN,Gold,133,
Aquatics,HUN,Silver,57,
Aquatics,IRL,Bronze,1,
Aquatics,IRL,Gold,3,
Aquatics,ITA,Bronze,40,
Aquatics,ITA,Gold,54,
Aquatics,ITA,Silver,19,
Aquatics,JPN,Bronze,57,
Aquatics,JPN,Gold,26,
Aquatics,JPN,Silver,51,
Aquatics,KOR,Gold,1,
Aquatics,KOR,Silver,1,
Aquatics,MEX,Bronze,7,
Aquatics,MEX,Gold,2,
Aquatics,MEX,Silver,4,
Aquatics,NED,Bronze,55,
Aquatics,NED,Gold,39,
Aquatics,NED,Silver,40,
Aquatics,NOR,Bronze,1,
Aquatics,NOR,Silver,1,
Aquatics,NZL,Bronze,3,
Aquatics,NZL,Gold,2,
Aquatics,NZL,Silver,1,
Aquatics,PHI,Bronze,2,
Aquatics,POL,Bronze,2,
Aquatics,POL,Gold,1,
Aquatics,POL,Silver,3,
Aquatics,ROU,Bronze,4,
Aquatics,ROU,Gold,3,
Aquatics,ROU,Silver,2,
Aquatics,RSA,Bronze,12,
Aquatics,RSA,Gold,7,
Aquatics,RSA,Silver,2,
Aquatics,RUS,Bronze,38,
Aquatics,RUS,Gold,42,
Aquatics,RUS,Silver,45,
Aquatics,SCG,Silver,13,
Aquatics,SLO,Silver,1,
Aquatics,SRB,Bronze,13,
Aquatics,SRB,Silver,1,
Aquatics,SUI,Bronze,1,
Aquatics,SUR,Bronze,1,
Aquatics,SUR,Gold,1,
Aquatics,SVK,Silver,2,
Aquatics,SWE,Bronze,49,
Aquatics,SWE,Gold,14,
Aquatics,SWE,Silver,38,
Aquatics,TCH,Gold,1,
Aquatics,TCH,Silver,1,
Aquatics,TRI,Bronze,1,
Aquatics,TUN,Gold,1,
Aquatics,UKR,Bronze,5,
Aquatics,UKR,Gold,4,
Aquatics,UKR,Silver,2,
Aquatics,URS,Bronze,87,
Aquatics,URS,Gold,41,
Aquatics,URS,Silver,62,
Aquatics,USA,Bronze,247,
Aquatics,USA,Gold,523,
Aquatics,USA,Silver,326,
Aquatics,VEN,Bronze,1,
Aquatics,YUG,Bronze,13,
Aquatics,YUG,Gold,38,
Aquatics,YUG,Silver,40,
Aquatics,ZIM,Bronze,1,
Aquatics,ZIM,Gold,2,
Aquatics,ZIM,Silver,4,
Archery,AUS,Bronze,1,
Archery,AUS,Gold,1,
Archery,BEL,Bronze,3,
Archery,BEL,Gold,35,
Archery,BEL,Silver,13,
Archery,CHN,Bronze,3,
Archery,CHN,Gold,1,
Archery,CHN,Silver,11,
Archery,ESP,Gold,3,
Archery,EUN,Bronze,4,
Archery,FIN,Bronze,2,
Archery,FIN,Gold,1,
Archery,FIN,Silver,3,
Archery,FRA,Bronze,16,
Archery,FRA,Gold,6,
Archery,FRA,Silver,24,
Archery,GBR,Bronze,9,
Archery,GBR,Gold,2,
Archery,GBR,Silver,2,
Archery,GER,Bronze,3,
Archery,GER,Silver,3,
Archery,INA,Silver,3,
Archery,ITA,Bronze,5,
Archery,ITA,Gold,1,
Archery,ITA,Silver,6,
Archery,JPN,Bronze,1,
Archery,JPN,Silver,2,
Archery,KOR,Bronze,5,
Archery,KOR,Gold,36,
Archery,KOR,Silver,11,
Archery,NED,Bronze,1,
Archery,NED,Gold,8,
Archery,POL,Bronze,3,
Archery,POL,Silver,1,
Archery,RUS,Bronze,1,
Archery,SWE,Silver,2,
Archery,TPE,Bronze,3,
Archery,TPE,Silver,3,
Archery,UKR,Bronze,4,
Archery,UKR,Gold,1,
Archery,UKR,Silver,3,
Archery,URS,Bronze,3,
Archery,URS,Gold,1,
Archery,URS,Silver,3,
Archery,USA,Bronze,15,
Archery,USA,Gold,22,
Archery,USA,Silver,15,
Athletics,ALG,Bronze,2,
Athletics,ALG,Gold,3,
Athletics,ALG,Silver,1,
Athletics,ANZ,Bronze,1,
Athletics,ARG,Gold,2,
Athletics,ARG,Silver,3,
Athletics,AUS,Bronze,25,
Athletics,AUS,Gold,22,
Athletics,AUS,Silver,34,
Athletics,AUT,Bronze,4,
Athletics,AUT,Gold,1,
Athletics,AUT,Silver,2,
Athletics,BAH,Bronze,3,
Athletics,BAH,Gold,7,
Athletics,BAH,Silver,9,
Athletics,BAR,Bronze,1,
Athletics,BDI,Gold,1,
Athletics,BEL,Bronze,2,
Athletics,BEL,Gold,3,
Athletics,BEL,Silver,9,
Athletics,BLR,Bronze,9,
Athletics,BLR,Gold,4,
Athletics,BLR,Silver,6,
Athletics,BOH,Silver,1,
Athletics,BRA,Bronze,10,
Athletics,BRA,Gold,4,
Athletics,BRA,Silver,7,
Athletics,BUL,Bronze,6,
Athletics,BUL,Gold,5,
Athletics,BUL,Silver,7,
Athletics,BWI,Bronze,5,
Athletics,CAN,Bronze,40,
Athletics,CAN,Gold,20,
Athletics,CAN,Silver,23,
Athletics,CHI,Silver,2,
Athletics,CHN,Bronze,7,
Athletics,CHN,Gold,5,
Athletics,CHN,Silver,3,
Athletics,CIV,Silver,1,
Athletics,CMR,Gold,2,
Athletics,COL,Bronze,1,
Athletics,CRO,Silver,1,
Athletics,CUB,Bronze,23,
Athletics,CUB,Gold,10,
Athletics,CUB,Silver,22,
Athletics,CZE,Bronze,3,
Athletics,CZE,Gold,4,
Athletics,CZE,Silver,1,
Athletics,DEN,Bronze,4,
Athletics,DEN,Silver,2,
Athletics,DJI,Bronze,1,
Athletics,DOM,Gold,1,
Athletics,ECU,Gold,1,
Athletics,ECU,Silver,1,
Athletics,ERI,Bronze,1,
Athletics,ESP,Bronze,5,
Athletics,ESP,Gold,2,
Athletics,ESP,Silver,4,
Athletics,EST,Bronze,2,
Athletics,EST,Gold,2,
Athletics,EST,Silver,1,
Athletics,ETH,Bronze,14,
Athletics,ETH,Gold,18,
Athletics,ETH,Silver,6,
Athletics,EUA,Bronze,11,
Athletics,EUA,Gold,7,
Athletics,EUA,Silver,24,
Athletics,EUN,Bronze,3,
Athletics,EUN,Gold,12,
Athletics,EUN,Silver,14,
Athletics,FIN,Bronze,30,
Athletics,FIN,Gold,60,
Athletics,FIN,Silver,37,
Athletics,FRA,Bronze,53,
Athletics,FRA,Gold,13,
Athletics,FRA,Silver,34,
Athletics,FRG,Bronze,35,
Athletics,FRG,Gold,15,
Athletics,FRG,Silver,17,
Athletics,GBR,Bronze,108,
Athletics,GBR,Gold,63,
Athletics,GBR,Silver,118,
Athletics,GDR,Bronze,38,
Athletics,GDR,Gold,50,
Athletics,GDR,Silver,51,
Athletics,GER,Bronze,49,
Athletics,GER,Gold,15,
Athletics,GER,Silver,35,
Athletics,GRE,Bronze,11,
Athletics,GRE,Gold,6,
Athletics,GRE,Silver,12,
Athletics,HAI,Silver,1,
Athletics,HUN,Bronze,23,
Athletics,HUN,Gold,9,
Athletics,HUN,Silver,12,
Athletics,IND,Silver,2,
Athletics,IRL,Gold,4,
Athletics,IRL,Silver,2,
Athletics,ISL,Bronze,1,
Athletics,ISL,Silver,1,
Athletics,ITA,Bronze,34,
Athletics,ITA,Gold,19,
Athletics,ITA,Silver,18,
Athletics,JAM,Bronze,38,
Athletics,JAM,Gold,23,
Athletics,JAM,Silver,40,
Athletics,JPN,Bronze,11,
Athletics,JPN,Gold,7,
Athletics,JPN,Silver,7,
Athletics,KAZ,Bronze,1,
Athletics,KAZ,Gold,1,
Athletics,KEN,Bronze,19,
Athletics,KEN,Gold,25,
Athletics,KEN,Silver,30,
Athletics,KOR,Gold,1,
Athletics,KOR,Silver,1,
Athletics,KSA,Silver,1,
Athletics,LAT,Bronze,1,
Athletics,LAT,Silver,4,
Athletics,LTU,Bronze,1,
Athletics,LTU,Gold,3,
Athletics,LTU,Silver,1,
Athletics,LUX,Gold,1,
Athletics,MAR,Bronze,7,
Athletics,MAR,Gold,6,
Athletics,MAR,Silver,5,
Athletics,MEX,Bronze,2,
Athletics,MEX,Gold,3,
Athletics,MEX,Silver,5,
Athletics,MOZ,Bronze,1,
Athletics,MOZ,Gold,1,
Athletics,NAM,Silver,4,
Athletics,NED,Bronze,9,
Athletics,NED,Gold,9,
Athletics,NED,Silver,3,
Athletics,NGR,Bronze,23,
Athletics,NGR,Gold,1,
Athletics,NGR,Silver,16,
Athletics,NOR,Bronze,8,
Athletics,NOR,Gold,7,
Athletics,NOR,Silver,5,
Athletics,NZL,Bronze,8,
Athletics,NZL,Gold,9,
Athletics,NZL,Silver,2,
Athletics,PAN,Bronze,2,
Athletics,PAN,Gold,1,
Athletics,PHI,Bronze,2,
Athletics,POL,Bronze,16,
Athletics,POL,Gold,25,
Athletics,POL,Silver,26,
Athletics,POR,Bronze,4,
Athletics,POR,Gold,4,
Athletics,POR,Silver,2,
Athletics,QAT,Bronze,1,
Athletics,ROU,Bronze,10,
Athletics,ROU,Gold,11,
Athletics,ROU,Silver,14,
Athletics,RSA,Bronze,6,
Athletics,RSA,Gold,6,
Athletics,RSA,Silver,14,
Athletics,RUS,Bronze,29,
Athletics,RUS,Gold,21,
Athletics,RUS,Silver,33,
Athletics,SEN,Silver,1,
Athletics,SLO,Bronze,1,
Athletics,SLO,Gold,1,
Athletics,SLO,Silver,1,
Athletics,SRI,Silver,2,
Athletics,SUD,Silver,1,
Athletics,SUI,Bronze,2,
Athletics,SUI,Silver,6,
Athletics,SWE,Bronze,51,
Athletics,SWE,Gold,21,
Athletics,SWE,Silver,31,
Athletics,SYR,Gold,1,
Athletics,TAN,Silver,2,
Athletics,TCH,Bronze,5,
Athletics,TCH,Gold,11,
Athletics,TCH,Silver,8,
Athletics,TPE,Bronze,1,
Athletics,TPE,Silver,1,
Athletics,TRI,Bronze,8,
Athletics,TRI,Gold,1,
Athletics,TRI,Silver,7,
Athletics,TUN,Bronze,1,
Athletics,TUN,Gold,1,
Athletics,TUN,Silver,2,
Athletics,TUR,Bronze,2,
Athletics,TUR,Silver,2,
Athletics,UGA,Bronze,1,
Athletics,UGA,Gold,1,
Athletics,UKR,Bronze,10,
Athletics,UKR,Gold,3,
Athletics,UKR,Silver,2,
Athletics,URS,Bronze,89,
Athletics,URS,Gold,79,
Athletics,URS,Silver,70,
Athletics,USA,Bronze,201,
Athletics,USA,Gold,472,
Athletics,USA,Silver,279,
Athletics,VEN,Bronze,1,
Athletics,YUG,Silver,2,
Athletics,ZAM,Silver,1,
Athletics,ZZX,Gold,5,
Athletics,ZZX,Silver,5,
Badminton,CHN,Bronze,20,
Badminton,CHN,Gold,17,
Badminton,CHN,Silver,10,
Badminton,DEN,Bronze,3,
Badminton,DEN,Gold,1,
Badminton,DEN,Silver,1,
Badminton,GBR,Bronze,2,
Badminton,GBR,Silver,2,
Badminton,INA,Bronze,8,
Badminton,INA,Gold,9,
Badminton,INA,Silver,9,
Badminton,KOR,Bronze,8,
Badminton,KOR,Gold,11,
Badminton,KOR,Silver,12,
Badminton,MAS,Bronze,3,
Badminton,MAS,Silver,3,
Badminton,NED,Silver,1,
Baseball,AUS,Silver,24,
Baseball,CUB,Gold,63,
Baseball,CUB,Silver,48,
Baseball,JPN,Bronze,44,
Baseball,JPN,Silver,20,
Baseball,KOR,Bronze,24,
Baseball,KOR,Gold,24,
Baseball,TPE,Silver,20,
Baseball,USA,Bronze,44,
Baseball,USA,Gold,24,
Basketball,ARG,Bronze,12,
Basketball,ARG,Gold,12,
Basketball,AUS,Bronze,12,
Basketball,AUS,Silver,36,
Basketball,BRA,Bronze,48,
Basketball,BRA,Silver,12,
Basketball,BUL,Bronze,12,
Basketball,BUL,Silver,12,
Basketball,CAN,Silver,9,
Basketball,CHN,Bronze,12,
Basketball,CHN,Silver,12,
Basketball,CRO,Silver,12,
Basketball,CUB,Bronze,12,
Basketball,ESP,Silver,24,
Basketball,EUN,Gold,12,
Basketball,FRA,Silver,26,
Basketball,ITA,Silver,23,
Basketball,KOR,Silver,12,
Basketball,LTU,Bronze,36,
Basketball,MEX,Bronze,11,
Basketball,RUS,Bronze,23,
Basketball,URS,Bronze,48,
Basketball,URS,Gold,48,
Basketball,URS,Silver,50,
Basketball,URU,Bronze,24,
Basketball,USA,Bronze,36,
Basketball,USA,Gold,234,
Basketball,USA,Silver,24,
Basketball,YUG,Bronze,24,
Basketball,YUG,Gold,12,
Basketball,YUG,Silver,60,
Basque Pelota,ESP,Gold,2,
Basque Pelota,FRA,Silver,2,
Boxing,ALG,Bronze,5,
Boxing,ALG,Gold,1,
Boxing,ANZ,Silver,1,
Boxing,ARG,Bronze,10,
Boxing,ARG,Gold,7,
Boxing,ARG,Silver,7,
Boxing,ARM,Bronze,1,
Boxing,AUS,Bronze,3,
Boxing,AUS,Silver,1,
Boxing,AZE,Bronze,4,
Boxing,BEL,Bronze,2,
Boxing,BEL,Gold,1,
Boxing,BEL,Silver,1,
Boxing,BER,Bronze,1,
Boxing,BLR,Silver,2,
Boxing,BRA,Bronze,1,
Boxing,BUL,Bronze,8,
Boxing,BUL,Gold,4,
Boxing,BUL,Silver,5,
Boxing,CAN,Bronze,7,
Boxing,CAN,Gold,3,
Boxing,CAN,Silver,7,
Boxing,CHI,Bronze,2,
Boxing,CHI,Silver,1,
Boxing,CHN,Bronze,2,
Boxing,CHN,Gold,2,
Boxing,CHN,Silver,1,
Boxing,CMR,Bronze,1,
Boxing,CMR,Silver,1,
Boxing,COL,Bronze,3,
Boxing,CUB,Bronze,12,
Boxing,CUB,Gold,32,
Boxing,CUB,Silver,19,
Boxing,CZE,Silver,1,
Boxing,DEN,Bronze,6,
Boxing,DEN,Gold,1,
Boxing,DEN,Silver,5,
Boxing,DOM,Bronze,1,
Boxing,DOM,Gold,1,
Boxing,EGY,Bronze,3,
Boxing,EGY,Silver,1,
Boxing,ESP,Bronze,2,
Boxing,ESP,Silver,2,
Boxing,EST,Silver,1,
Boxing,EUA,Bronze,2,
Boxing,EUA,Gold,1,
Boxing,EUA,Silver,3,
Boxing,EUN,Bronze,1,
Boxing,EUN,Silver,1,
Boxing,FIN,Bronze,11,
Boxing,FIN,Gold,2,
Boxing,FIN,Silver,1,
Boxing,FRA,Bronze,8,
Boxing,FRA,Gold,4,
Boxing,FRA,Silver,7,
Boxing,FRG,Bronze,5,
Boxing,FRG,Gold,1,
Boxing,GBR,Bronze,23,
Boxing,GBR,Gold,14,
Boxing,GBR,Silver,11,
Boxing,GDR,Bronze,6,
Boxing,GDR,Gold,5,
Boxing,GDR,Silver,2,
Boxing,GEO,Bronze,1,
Boxing,GER,Bronze,9,
Boxing,GER,Gold,4,
Boxing,GER,Silver,9,
Boxing,GHA,Bronze,2,
Boxing,GHA,Silver,1,
Boxing,GUY,Bronze,1,
Boxing,HUN,Bronze,8,
Boxing,HUN,Gold,10,
Boxing,HUN,Silver,2,
Boxing,IND,Bronze,1,
Boxing,IRL,Bronze,7,
Boxing,IRL,Gold,1,
Boxing,IRL,Silver,4,
Boxing,ITA,Bronze,16,
Boxing,ITA,Gold,15,
Boxing,ITA,Silver,13,
Boxing,JPN,Bronze,2,
Boxing,JPN,Gold,1,
Boxing,KAZ,Bronze,4,
Boxing,KAZ,Gold,5,
Boxing,KAZ,Silver,4,
Boxing,KEN,Bronze,5,
Boxing,KEN,Gold,1,
Boxing,KEN,Silver,1,
Boxing,KOR,Bronze,10,
Boxing,KOR,Gold,3,
Boxing,KOR,Silver,6,
Boxing,MAR,Bronze,3,
Boxing,MDA,Bronze,2,
Boxing,MEX,Bronze,7,
Boxing,MEX,Gold,2,
Boxing,MEX,Silver,3,
Boxing,MGL,Bronze,2,
Boxing,MGL,Gold,1,
Boxing,MGL,Silver,1,
Boxing,MRI,Bronze,1,
Boxing,NED,Bronze,4,
Boxing,NED,Gold,1,
Boxing,NED,Silver,1,
Boxing,NGR,Bronze,3,
Boxing,NGR,Silver,3,
Boxing,NIG,Bronze,1,
Boxing,NOR,Bronze,2,
Boxing,NOR,Gold,1,
Boxing,NOR,Silver,2,
Boxing,NZL,Bronze,1,
Boxing,NZL,Gold,1,
Boxing,NZL,Silver,1,
Boxing,PAK,Bronze,1,
Boxing,PHI,Bronze,3,
Boxing,PHI,Silver,2,
Boxing,POL,Bronze,26,
Boxing,POL,Gold,8,
Boxing,POL,Silver,9,
Boxing,PRK,Bronze,3,
Boxing,PRK,Gold,2,
Boxing,PRK,Silver,3,
Boxing,PUR,Bronze,5,
Boxing,PUR,Silver,1,
Boxing,ROU,Bronze,15,
Boxing,ROU,Gold,1,
Boxing,ROU,Silver,9,
Boxing,RSA,Bronze,9,
Boxing,RSA,Gold,6,
Boxing,RSA,Silver,4,
Boxing,RUS,Bronze,9,
Boxing,RUS,Gold,8,
Boxing,RUS,Silver,3,
Boxing,SWE,Bronze,6,
Boxing,SWE,Silver,5,
Boxing,SYR,Bronze,1,
Boxing,TCH,Bronze,2,
Boxing,TCH,Gold,3,
Boxing,TCH,Silver,1,
Boxing,TGA,Silver,1,
Boxing,THA,Bronze,6,
Boxing,THA,Gold,4,
Boxing,THA,Silver,3,
Boxing,TUN,Bronze,2,
Boxing,TUR,Bronze,3,
Boxing,TUR,Silver,2,
Boxing,UGA,Bronze,1,
Boxing,UGA,Silver,3,
Boxing,UKR,Bronze,5,
Boxing,UKR,Gold,2,
Boxing,UKR,Silver,2,
Boxing,URS,Bronze,18,
Boxing,URS,Gold,14,
Boxing,URS,Silver,19,
Boxing,URU,Bronze,1,
Boxing,USA,Bronze,38,
Boxing,USA,Gold,48,
Boxing,USA,Silver,23,
Boxing,UZB,Bronze,5,
Boxing,UZB,Gold,1,
Boxing,VEN,Bronze,2,
Boxing,VEN,Gold,1,
Boxing,VEN,Silver,2,
Boxing,YUG,Bronze,6,
Boxing,YUG,Gold,3,
Boxing,YUG,Silver,2,
Boxing,ZAM,Bronze,1,
Canoe / Kayak,AUS,Bronze,22,
Canoe / Kayak,AUS,Gold,2,
Canoe / Kayak,AUS,Silver,9,
Canoe / Kayak,AUT,Bronze,10,
Canoe / Kayak,AUT,Gold,4,
Canoe / Kayak,AUT,Silver,7,
Canoe / Kayak,BLR,Bronze,4,
Canoe / Kayak,BLR,Gold,6,
Canoe / Kayak,BUL,Bronze,18,
Canoe / Kayak,BUL,Gold,4,
Canoe / Kayak,BUL,Silver,6,
Canoe / Kayak,CAN,Bronze,13,
Canoe / Kayak,CAN,Gold,5,
Canoe / Kayak,CAN,Silver,12,
Canoe / Kayak,CHN,Gold,4,
Canoe / Kayak,CUB,Silver,5,
Canoe / Kayak,CZE,Bronze,4,
Canoe / Kayak,CZE,Gold,4,
Canoe / Kayak,CZE,Silver,5,
Canoe / Kayak,DEN,Bronze,9,
Canoe / Kayak,DEN,Gold,4,
Canoe / Kayak,DEN,Silver,8,
Canoe / Kayak,ESP,Bronze,4,
Canoe / Kayak,ESP,Gold,3,
Canoe / Kayak,ESP,Silver,9,
Canoe / Kayak,EUA,Bronze,3,
Canoe / Kayak,EUA,Gold,9,
Canoe / Kayak,EUA,Silver,10,
Canoe / Kayak,EUN,Gold,2,
Canoe / Kayak,EUN,Silver,1,
Canoe / Kayak,FIN,Bronze,5,
Canoe / Kayak,FIN,Gold,7,
Canoe / Kayak,FIN,Silver,2,
Canoe / Kayak,FRA,Bronze,29,
Canoe / Kayak,FRA,Gold,7,
Canoe / Kayak,FRA,Silver,11,
Canoe / Kayak,FRG,Bronze,4,
Canoe / Kayak,FRG,Gold,3,
Canoe / Kayak,FRG,Silver,7,
Canoe / Kayak,GBR,Bronze,4,
Canoe / Kayak,GBR,Gold,1,
Canoe / Kayak,GBR,Silver,4,
Canoe / Kayak,GDR,Bronze,17,
Canoe / Kayak,GDR,Gold,24,
Canoe / Kayak,GDR,Silver,11,
Canoe / Kayak,GER,Bronze,25,
Canoe / Kayak,GER,Gold,54,
Canoe / Kayak,GER,Silver,32,
Canoe / Kayak,HUN,Bronze,43,
Canoe / Kayak,HUN,Gold,38,
Canoe / Kayak,HUN,Silver,56,
Canoe / Kayak,ISR,Bronze,1,
Canoe / Kayak,ITA,Bronze,6,
Canoe / Kayak,ITA,Gold,7,
Canoe / Kayak,ITA,Silver,9,
Canoe / Kayak,LAT,Silver,2,
Canoe / Kayak,MDA,Silver,2,
Canoe / Kayak,NED,Bronze,8,
Canoe / Kayak,NED,Silver,4,
Canoe / Kayak,NOR,Bronze,8,
Canoe / Kayak,NOR,Gold,8,
Canoe / Kayak,NOR,Silver,5,
Canoe / Kayak,NZL,Bronze,1,
Canoe / Kayak,NZL,Gold,10,
Canoe / Kayak,NZL,Silver,3,
Canoe / Kayak,POL,Bronze,20,
Canoe / Kayak,POL,Silver,12,
Canoe / Kayak,ROU,Bronze,25,
Canoe / Kayak,ROU,Gold,18,
Canoe / Kayak,ROU,Silver,24,
Canoe / Kayak,RUS,Bronze,9,
Canoe / Kayak,RUS,Gold,1,
Canoe / Kayak,RUS,Silver,5,
Canoe / Kayak,SLO,Silver,1,
Canoe / Kayak,SUI,Silver,4,
Canoe / Kayak,SVK,Bronze,5,
Canoe / Kayak,SVK,Gold,10,
Canoe / Kayak,SVK,Silver,7,
Canoe / Kayak,SWE,Bronze,11,
Canoe / Kayak,SWE,Gold,23,
Canoe / Kayak,SWE,Silver,23,
Canoe / Kayak,TCH,Bronze,1,
Canoe / Kayak,TCH,Gold,10,
Canoe / Kayak,TCH,Silver,7,
Canoe / Kayak,TOG,Bronze,1,
Canoe / Kayak,UKR,Bronze,5,
Canoe / Kayak,UKR,Gold,1,
Canoe / Kayak,URS,Bronze,12,
Canoe / Kayak,URS,Gold,54,
Canoe / Kayak,URS,Silver,21,
Canoe / Kayak,USA,Bronze,6,
Canoe / Kayak,USA,Gold,8,
Canoe / Kayak,USA,Silver,7,
Canoe / Kayak,YUG,Bronze,1,
Canoe / Kayak,YUG,Gold,3,
Canoe / Kayak,YUG,Silver,3,
Cricket,FRA,Silver,12,
Cricket,GBR,Gold,12,
Croquet,FRA,Bronze,2,
Croquet,FRA,Gold,4,
Croquet,FRA,Silver,2,
Cycling,ARG,Gold,2,
Cycling,AUS,Bronze,22,
Cycling,AUS,Gold,25,
Cycling,AUS,Silver,19,
Cycling,AUT,Bronze,2,
Cycling,AUT,Gold,1,
Cycling,BEL,Bronze,19,
Cycling,BEL,Gold,10,
Cycling,BEL,Silver,11,
Cycling,BLR,Bronze,1,
Cycling,CAN,Bronze,8,
Cycling,CAN,Gold,1,
Cycling,CAN,Silver,5,
Cycling,CHN,Bronze,2,
Cycling,CHN,Silver,1,
Cycling,COL,Bronze,1,
Cycling,CUB,Silver,1,
Cycling,DEN,Bronze,17,
Cycling,DEN,Gold,11,
Cycling,DEN,Silver,14,
Cycling,ESP,Bronze,7,
Cycling,ESP,Gold,5,
Cycling,ESP,Silver,6,
Cycling,EST,Gold,1,
Cycling,EUA,Bronze,5,
Cycling,EUA,Gold,4,
Cycling,EUA,Silver,11,
Cycling,FRA,Bronze,33,
Cycling,FRA,Gold,65,
Cycling,FRA,Silver,32,
Cycling,FRG,Bronze,8,
Cycling,FRG,Gold,10,
Cycling,FRG,Silver,8,
Cycling,GBR,Bronze,52,
Cycling,GBR,Gold,27,
Cycling,GBR,Silver,47,
Cycling,GDR,Bronze,4,
Cycling,GDR,Gold,9,
Cycling,GDR,Silver,19,
Cycling,GER,Bronze,17,
Cycling,GER,Gold,26,
Cycling,GER,Silver,13,
Cycling,GRE,Gold,1,
Cycling,GRE,Silver,3,
Cycling,ITA,Bronze,17,
Cycling,ITA,Gold,64,
Cycling,ITA,Silver,33,
Cycling,JAM,Bronze,1,
Cycling,JPN,Bronze,3,
Cycling,JPN,Silver,3,
Cycling,KAZ,Silver,1,
Cycling,LAT,Bronze,1,
Cycling,LAT,Gold,1,
Cycling,LTU,Bronze,1,
Cycling,MEX,Bronze,1,
Cycling,MEX,Silver,1,
Cycling,NED,Bronze,14,
Cycling,NED,Gold,22,
Cycling,NED,Silver,22,
Cycling,NOR,Bronze,1,
Cycling,NOR,Gold,2,
Cycling,NZL,Bronze,5,
Cycling,NZL,Gold,1,
Cycling,NZL,Silver,1,
Cycling,POL,Bronze,4,
Cycling,POL,Silver,18,
Cycling,POR,Silver,1,
Cycling,RSA,Bronze,6,
Cycling,RSA,Gold,1,
Cycling,RSA,Silver,9,
Cycling,RUS,Bronze,6,
Cycling,RUS,Gold,4,
Cycling,RUS,Silver,7,
Cycling,SUI,Bronze,7,
Cycling,SUI,Gold,3,
Cycling,SUI,Silver,12,
Cycling,SWE,Bronze,20,
Cycling,SWE,Gold,6,
Cycling,SWE,Silver,10,
Cycling,TCH,Bronze,8,
Cycling,TCH,Gold,2,
Cycling,TCH,Silver,3,
Cycling,UKR,Bronze,2,
Cycling,UKR,Silver,4,
Cycling,URS,Bronze,16,
Cycling,URS,Gold,27,
Cycling,URS,Silver,8,
Cycling,URU,Silver,1,
Cycling,USA,Bronze,27,
Cycling,USA,Gold,14,
Cycling,USA,Silver,18,
Equestrian,ARG,Silver,1,
Equestrian,AUS,Bronze,7,
Equestrian,AUS,Gold,17,
Equestrian,AUS,Silver,7,
Equestrian,AUT,Bronze,1,
Equestrian,AUT,Gold,1,
Equestrian,AUT,Silver,4,
Equestrian,BEL,Bronze,12,
Equestrian,BEL,Gold,8,
Equestrian,BEL,Silver,5,
Equestrian,BRA,Bronze,8,
Equestrian,BRA,Gold,1,
Equestrian,BUL,Silver,5,
Equestrian,CAN,Bronze,7,
Equestrian,CAN,Gold,4,
Equestrian,CAN,Silver,5,
Equestrian,CHI,Silver,4,
Equestrian,DEN,Bronze,4,
Equestrian,DEN,Silver,7,
Equestrian,ESP,Bronze,1,
Equestrian,ESP,Gold,3,
Equestrian,ESP,Silver,7,
Equestrian,EUA,Bronze,6,
Equestrian,EUA,Gold,16,
Equestrian,EUA,Silver,12,
Equestrian,FRA,Bronze,18,
Equestrian,FRA,Gold,23,
Equestrian,FRA,Silver,23,
Equestrian,FRG,Bronze,20,
Equestrian,FRG,Gold,30,
Equestrian,FRG,Silver,13,
Equestrian,GBR,Bronze,22,
Equestrian,GBR,Gold,15,
Equestrian,GBR,Silver,25,
Equestrian,GER,Bronze,21,
Equestrian,GER,Gold,54,
Equestrian,GER,Silver,15,
Equestrian,HUN,Bronze,2,
Equestrian,ITA,Bronze,19,
Equestrian,ITA,Gold,9,
Equestrian,ITA,Silver,17,
Equestrian,JPN,Gold,1,
Equestrian,KSA,Bronze,1,
Equestrian,MEX,Bronze,14,
Equestrian,MEX,Gold,4,
Equestrian,MEX,Silver,1,
Equestrian,NED,Bronze,4,
Equestrian,NED,Gold,18,
Equestrian,NED,Silver,25,
Equestrian,NOR,Silver,3,
Equestrian,NZL,Bronze,10,
Equestrian,NZL,Gold,3,
Equestrian,NZL,Silver,5,
Equestrian,POL,Bronze,4,
Equestrian,POL,Gold,1,
Equestrian,POL,Silver,10,
Equestrian,POR,Bronze,9,
Equestrian,ROU,Bronze,5,
Equestrian,ROU,Silver,2,
Equestrian,SUI,Bronze,18,
Equestrian,SUI,Gold,4,
Equestrian,SUI,Silver,28,
Equestrian,SWE,Bronze,23,
Equestrian,SWE,Gold,36,
Equestrian,SWE,Silver,21,
Equestrian,TCH,Gold,1,
Equestrian,URS,Bronze,7,
Equestrian,URS,Gold,26,
Equestrian,URS,Silver,10,
Equestrian,USA,Bronze,48,
Equestrian,USA,Gold,30,
Equestrian,USA,Silver,43,
Fencing,ARG,Bronze,5,
Fencing,AUT,Bronze,5,
Fencing,AUT,Gold,1,
Fencing,AUT,Silver,7,
Fencing,BEL,Bronze,13,
Fencing,BEL,Gold,10,
Fencing,BEL,Silver,21,
Fencing,BOH,Bronze,5,
Fencing,CHN,Bronze,3,
Fencing,CHN,Gold,2,
Fencing,CHN,Silver,14,
Fencing,CUB,Bronze,10,
Fencing,CUB,Gold,5,
Fencing,CUB,Silver,9,
Fencing,DEN,Bronze,3,
Fencing,DEN,Gold,1,
Fencing,DEN,Silver,2,
Fencing,ESP,Bronze,1,
Fencing,EUA,Bronze,8,
Fencing,EUA,Gold,1,
Fencing,EUA,Silver,1,
Fencing,EUN,Bronze,6,
Fencing,EUN,Gold,5,
Fencing,EUN,Silver,2,
Fencing,FRA,Bronze,87,
Fencing,FRA,Gold,116,
Fencing,FRA,Silver,83,
Fencing,FRG,Bronze,1,
Fencing,FRG,Gold,23,
Fencing,FRG,Silver,23,
Fencing,GBR,Gold,1,
Fencing,GBR,Silver,23,
Fencing,GDR,Silver,1,
Fencing,GER,Bronze,26,
Fencing,GER,Gold,13,
Fencing,GER,Silver,12,
Fencing,GRE,Bronze,1,
Fencing,GRE,Gold,2,
Fencing,GRE,Silver,1,
Fencing,HUN,Bronze,68,
Fencing,HUN,Gold,99,
Fencing,HUN,Silver,59,
Fencing,ITA,Bronze,66,
Fencing,ITA,Gold,136,
Fencing,ITA,Silver,126,
Fencing,JPN,Silver,1,
Fencing,KOR,Bronze,1,
Fencing,KOR,Gold,1,
Fencing,KOR,Silver,1,
Fencing,MEX,Silver,1,
Fencing,NED,Bronze,24,
Fencing,POL,Bronze,38,
Fencing,POL,Gold,8,
Fencing,POL,Silver,35,
Fencing,ROU,Bronze,26,
Fencing,ROU,Gold,3,
Fencing,ROU,Silver,10,
Fencing,RUS,Bronze,13,
Fencing,RUS,Gold,24,
Fencing,RUS,Silver,4,
Fencing,SUI,Bronze,12,
Fencing,SUI,Gold,1,
Fencing,SUI,Silver,10,
Fencing,SWE,Bronze,7,
Fencing,SWE,Gold,6,
Fencing,SWE,Silver,13,
Fencing,UKR,Bronze,1,
Fencing,UKR,Gold,4,
Fencing,URS,Bronze,35,
Fencing,URS,Gold,63,
Fencing,URS,Silver,47,
Fencing,USA,Bronze,32,
Fencing,USA,Gold,2,
Fencing,USA,Silver,14,
Fencing,ZZX,Gold,3,
Football,ARG,Gold,32,
Football,ARG,Silver,40,
Football,AUT,Silver,13,
Football,BEL,Bronze,11,
Football,BEL,Gold,14,
Football,BRA,Bronze,36,
Football,BRA,Silver,73,
Football,BUL,Bronze,14,
Football,BUL,Silver,18,
Football,CAN,Gold,11,
Football,CHI,Bronze,18,
Football,CHN,Silver,16,
Football,CMR,Gold,18,
Football,DEN,Bronze,14,
Football,DEN,Silver,34,
Football,ESP,Gold,12,
Football,ESP,Silver,36,
Football,EUA,Bronze,19,
Football,FRA,Gold,17,
Football,FRA,Silver,13,
Football,FRG,Bronze,20,
Football,GBR,Gold,33,
Football,GDR,Bronze,17,
Football,GDR,Gold,17,
Football,GDR,Silver,17,
Football,GER,Bronze,53,
Football,GHA,Bronze,13,
Football,HUN,Bronze,17,
Football,HUN,Gold,46,
Football,HUN,Silver,17,
Football,ITA,Bronze,39,
Football,ITA,Gold,14,
Football,JPN,Bronze,16,
Football,NED,Bronze,36,
Football,NGR,Gold,18,
Football,NGR,Silver,18,
Football,NOR,Bronze,32,
Football,NOR,Gold,18,
Football,PAR,Silver,17,
Football,POL,Gold,17,
Football,POL,Silver,29,
Football,SUI,Silver,22,
Football,SWE,Bronze,34,
Football,SWE,Gold,12,
Football,TCH,Gold,17,
Football,TCH,Silver,17,
Football,URS,Bronze,53,
Football,URS,Gold,38,
Football,URU,Gold,44,
Football,USA,Bronze,12,
Football,USA,Gold,73,
Football,USA,Silver,29,
Football,YUG,Bronze,17,
Football,YUG,Gold,16,
Football,YUG,Silver,40,
Golf,CAN,Gold,1,
Golf,GBR,Bronze,1,
Golf,GBR,Silver,1,
Golf,USA,Bronze,3,
Golf,USA,Gold,12,
Golf,USA,Silver,12,
Gymnastics,AUS,Silver,1,
Gymnastics,BEL,Bronze,24,
Gymnastics,BEL,Silver,24,
Gymnastics,BLR,Bronze,10,
Gymnastics,BLR,Silver,8,
Gymnastics,BUL,Bronze,12,
Gymnastics,BUL,Gold,2,
Gymnastics,BUL,Silver,9,
Gymnastics,CAN,Bronze,2,
Gymnastics,CAN,Gold,2,
Gymnastics,CAN,Silver,3,
Gymnastics,CHN,Bronze,21,
Gymnastics,CHN,Gold,39,
Gymnastics,CHN,Silver,37,
Gymnastics,CRO,Silver,1,
Gymnastics,DEN,Bronze,21,
Gymnastics,DEN,Gold,24,
Gymnastics,DEN,Silver,53,
Gymnastics,ESP,Bronze,1,
Gymnastics,ESP,Gold,8,
Gymnastics,ESP,Silver,2,
Gymnastics,EUA,Bronze,6,
Gymnastics,EUA,Gold,1,
Gymnastics,EUA,Silver,1,
Gymnastics,EUN,Bronze,5,
Gymnastics,EUN,Gold,20,
Gymnastics,EUN,Silver,5,
Gymnastics,FIN,Bronze,59,
Gymnastics,FIN,Gold,15,
Gymnastics,FIN,Silver,25,
Gymnastics,FRA,Bronze,31,
Gymnastics,FRA,Gold,3,
Gymnastics,FRA,Silver,17,
Gymnastics,FRG,Bronze,2,
Gymnastics,GBR,Bronze,37,
Gymnastics,GBR,Silver,1,
Gymnastics,GDR,Bronze,52,
Gymnastics,GDR,Gold,6,
Gymnastics,GDR,Silver,28,
Gymnastics,GER,Bronze,13,
Gymnastics,GER,Gold,47,
Gymnastics,GER,Silver,8,
Gymnastics,GRE,Bronze,11,
Gymnastics,GRE,Gold,4,
Gymnastics,GRE,Silver,6,
Gymnastics,HUN,Bronze,45,
Gymnastics,HUN,Gold,19,
Gymnastics,HUN,Silver,45,
Gymnastics,ITA,Bronze,13,
Gymnastics,ITA,Gold,67,
Gymnastics,ITA,Silver,22,
Gymnastics,JPN,Bronze,53,
Gymnastics,JPN,Gold,58,
Gymnastics,JPN,Silver,41,
Gymnastics,KOR,Bronze,4,
Gymnastics,KOR,Silver,4,
Gymnastics,LAT,Gold,1,
Gymnastics,LAT,Silver,1,
Gymnastics,NED,Gold,12,
Gymnastics,NOR,Bronze,22,
Gymnastics,NOR,Gold,25,
Gymnastics,NOR,Silver,58,
Gymnastics,POL,Bronze,7,
Gymnastics,POL,Gold,1,
Gymnastics,POL,Silver,1,
Gymnastics,PRK,Gold,2,
Gymnastics,ROU,Bronze,50,
Gymnastics,ROU,Gold,39,
Gymnastics,ROU,Silver,40,
Gymnastics,RUS,Bronze,29,
Gymnastics,RUS,Gold,37,
Gymnastics,RUS,Silver,22,
Gymnastics,SUI,Bronze,20,
Gymnastics,SUI,Gold,23,
Gymnastics,SUI,Silver,40,
Gymnastics,SWE,Bronze,1,
Gymnastics,SWE,Gold,116,
Gymnastics,SWE,Silver,7,
Gymnastics,TCH,Bronze,17,
Gymnastics,TCH,Gold,19,
Gymnastics,TCH,Silver,42,
Gymnastics,UKR,Bronze,12,
Gymnastics,UKR,Gold,6,
Gymnastics,UKR,Silver,8,
Gymnastics,URS,Bronze,49,
Gymnastics,URS,Gold,142,
Gymnastics,URS,Silver,99,
Gymnastics,USA,Bronze,58,
Gymnastics,USA,Gold,46,
Gymnastics,USA,Silver,64,
Gymnastics,UZB,Bronze,2,
Gymnastics,YUG,Bronze,11,
Gymnastics,YUG,Gold,5,
Gymnastics,YUG,Silver,2,
Handball,AUT,Silver,22,
Handball,CHN,Bronze,13,
Handball,CRO,Gold,30,
Handball,DEN,Gold,46,
Handball,ESP,Bronze,45,
Handball,EUN,Bronze,13,
Handball,EUN,Gold,12,
Handball,FRA,Bronze,16,
Handball,FRA,Gold,15,
Handball,FRG,Silver,15,
Handball,GDR,Bronze,14,
Handball,GDR,Gold,14,
Handball,GDR,Silver,14,
Handball,GER,Gold,22,
Handball,GER,Silver,15,
Handball,HUN,Bronze,30,
Handball,HUN,Silver,15,
Handball,ISL,Silver,14,
Handball,KOR,Bronze,14,
Handball,KOR,Gold,25,
Handball,KOR,Silver,57,
Handball,NOR,Bronze,15,
Handball,NOR,Gold,14,
Handball,NOR,Silver,29,
Handball,POL,Bronze,14,
Handball,ROU,Bronze,44,
Handball,ROU,Silver,14,
Handball,RUS,Bronze,14,
Handball,RUS,Gold,15,
Handball,RUS,Silver,14,
Handball,SUI,Bronze,17,
Handball,SWE,Silver,47,
Handball,TCH,Silver,16,
Handball,UKR,Bronze,15,
Handball,URS,Bronze,15,
Handball,URS,Gold,56,
Handball,URS,Silver,14,
Handball,YUG,Bronze,15,
Handball,YUG,Gold,43,
Handball,YUG,Silver,14,
Hockey,ARG,Bronze,32,
Hockey,ARG,Silver,16,
Hockey,AUS,Bronze,63,
Hockey,AUS,Gold,64,
Hockey,AUS,Silver,46,
Hockey,BEL,Bronze,15,
Hockey,CHN,Silver,16,
Hockey,DEN,Silver,12,
Hockey,ESP,Bronze,14,
Hockey,ESP,Gold,16,
Hockey,ESP,Silver,48,
Hockey,EUA,Bronze,11,
Hockey,FRG,Gold,18,
Hockey,FRG,Silver,48,
Hockey,GBR,Bronze,45,
Hockey,GBR,Gold,42,
Hockey,GBR,Silver,23,
Hockey,GER,Bronze,38,
Hockey,GER,Gold,49,
Hockey,GER,Silver,38,
Hockey,IND,Bronze,29,
Hockey,IND,Gold,127,
Hockey,IND,Silver,13,
Hockey,JPN,Silver,11,
Hockey,KOR,Silver,48,
Hockey,NED,Bronze,88,
Hockey,NED,Gold,64,
Hockey,NED,Silver,64,
Hockey,NZL,Gold,16,
Hockey,PAK,Bronze,32,
Hockey,PAK,Gold,42,
Hockey,PAK,Silver,45,
Hockey,TCH,Silver,16,
Hockey,URS,Bronze,32,
Hockey,USA,Bronze,28,
Hockey,ZIM,Gold,16,
Ice Hockey,CAN,Gold,8,
Ice Hockey,TCH,Bronze,8,
Ice Hockey,USA,Silver,11,
Jeu de paume,GBR,Bronze,1,
Jeu de paume,GBR,Silver,1,
Jeu de paume,USA,Gold,1,
Judo,ALG,Bronze,1,
Judo,ALG,Silver,1,
Judo,ARG,Bronze,1,
Judo,AUS,Bronze,2,
Judo,AUT,Bronze,1,
Judo,AUT,Gold,2,
Judo,AUT,Silver,2,
Judo,AZE,Bronze,1,
Judo,AZE,Gold,1,
Judo,BEL,Bronze,7,
Judo,BEL,Gold,2,
Judo,BEL,Silver,1,
Judo,BLR,Bronze,1,
Judo,BLR,Gold,1,
Judo,BRA,Bronze,10,
Judo,BRA,Gold,2,
Judo,BRA,Silver,3,
Judo,BUL,Bronze,2,
Judo,BUL,Silver,1,
Judo,CAN,Bronze,2,
Judo,CAN,Silver,2,
Judo,CHN,Bronze,8,
Judo,CHN,Gold,8,
Judo,CHN,Silver,2,
Judo,CUB,Bronze,16,
Judo,CUB,Gold,5,
Judo,CUB,Silver,11,
Judo,EGY,Bronze,1,
Judo,EGY,Silver,1,
Judo,ESP,Bronze,2,
Judo,ESP,Gold,3,
Judo,ESP,Silver,1,
Judo,EST,Bronze,3,
Judo,EUA,Bronze,1,
Judo,EUA,Silver,1,
Judo,EUN,Bronze,2,
Judo,EUN,Gold,2,
Judo,FRA,Bronze,19,
Judo,FRA,Gold,10,
Judo,FRA,Silver,8,
Judo,FRG,Bronze,3,
Judo,FRG,Gold,1,
Judo,FRG,Silver,4,
Judo,GBR,Bronze,9,
Judo,GBR,Silver,7,
Judo,GDR,Bronze,6,
Judo,GDR,Gold,1,
Judo,GDR,Silver,2,
Judo,GEO,Bronze,2,
Judo,GEO,Gold,2,
Judo,GEO,Silver,1,
Judo,GER,Bronze,10,
Judo,GER,Gold,3,
Judo,GRE,Gold,1,
Judo,HUN,Bronze,4,
Judo,HUN,Gold,1,
Judo,HUN,Silver,2,
Judo,ISL,Bronze,1,
Judo,ISR,Bronze,2,
Judo,ISR,Silver,1,
Judo,ITA,Bronze,6,
Judo,ITA,Gold,3,
Judo,ITA,Silver,3,
Judo,JPN,Bronze,15,
Judo,JPN,Gold,35,
Judo,JPN,Silver,15,
Judo,KAZ,Silver,1,
Judo,KGZ,Bronze,1,
Judo,KOR,Bronze,14,
Judo,KOR,Gold,9,
Judo,KOR,Silver,14,
Judo,LAT,Bronze,1,
Judo,MGL,Bronze,3,
Judo,MGL,Gold,1,
Judo,MGL,Silver,1,
Judo,NED,Bronze,14,
Judo,NED,Gold,4,
Judo,NED,Silver,2,
Judo,POL,Bronze,2,
Judo,POL,Gold,3,
Judo,POL,Silver,3,
Judo,POR,Bronze,1,
Judo,PRK,Bronze,4,
Judo,PRK,Gold,1,
Judo,PRK,Silver,2,
Judo,ROU,Bronze,3,
Judo,ROU,Gold,1,
Judo,RUS,Bronze,5,
Judo,RUS,Silver,3,
Judo,SLO,Bronze,2,
Judo,SUI,Bronze,2,
Judo,SUI,Gold,1,
Judo,SUI,Silver,1,
Judo,SVK,Silver,1,
Judo,TCH,Bronze,1,
Judo,TJK,Bronze,1,
Judo,TUR,Bronze,1,
Judo,TUR,Gold,1,
Judo,UKR,Bronze,2,
Judo,UKR,Silver,1,
Judo,URS,Bronze,13,
Judo,URS,Gold,5,
Judo,URS,Silver,5,
Judo,USA,Bronze,7,
Judo,USA,Silver,3,
Judo,UZB,Bronze,1,
Judo,UZB,Silver,2,
Judo,YUG,Bronze,2,
Lacrosse,CAN,Gold,28,
Lacrosse,GBR,Silver,18,
Lacrosse,USA,Silver,13,
Modern Pentathlon,BLR,Bronze,1,
Modern Pentathlon,CZE,Bronze,1,
Modern Pentathlon,EUN,Bronze,1,
Modern Pentathlon,EUN,Silver,3,
Modern Pentathlon,FIN,Bronze,10,
Modern Pentathlon,FIN,Silver,1,
Modern Pentathlon,FRA,Bronze,6,
Modern Pentathlon,GBR,Bronze,5,
Modern Pentathlon,GBR,Gold,4,
Modern Pentathlon,GBR,Silver,1,
Modern Pentathlon,GER,Bronze,1,
Modern Pentathlon,GER,Gold,2,
Modern Pentathlon,HUN,Bronze,8,
Modern Pentathlon,HUN,Gold,17,
Modern Pentathlon,HUN,Silver,12,
Modern Pentathlon,ITA,Bronze,5,
Modern Pentathlon,ITA,Gold,4,
Modern Pentathlon,ITA,Silver,4,
Modern Pentathlon,KAZ,Gold,1,
Modern Pentathlon,LAT,Silver,1,
Modern Pentathlon,LTU,Bronze,1,
Modern Pentathlon,LTU,Silver,2,
Modern Pentathlon,POL,Gold,5,
Modern Pentathlon,RUS,Gold,3,
Modern Pentathlon,RUS,Silver,1,
Modern Pentathlon,SWE,Bronze,7,
Modern Pentathlon,SWE,Gold,9,
Modern Pentathlon,SWE,Silver,9,
Modern Pentathlon,TCH,Bronze,1,
Modern Pentathlon,TCH,Silver,3,
Modern Pentathlon,UKR,Bronze,1,
Modern Pentathlon,URS,Bronze,5,
Modern Pentathlon,URS,Gold,13,
Modern Pentathlon,URS,Silver,9,
Modern Pentathlon,USA,Bronze,5,
Modern Pentathlon,USA,Silver,12,
Polo,ARG,Gold,10,
Polo,ESP,Silver,6,
Polo,GBR,Bronze,5,
Polo,GBR,Gold,8,
Polo,GBR,Silver,12,
Polo,MEX,Bronze,4,
Polo,USA,Bronze,4,
Polo,USA,Silver,5,
Polo,ZZX,Bronze,4,
Polo,ZZX,Gold,4,
Polo,ZZX,Silver,4,
Rackets,GBR,Bronze,4,
Rackets,GBR,Gold,3,
Rackets,GBR,Silver,3,
Roque,USA,Bronze,1,
Roque,USA,Gold,1,
Roque,USA,Silver,1,
Rowing,ARG,Bronze,3,
Rowing,ARG,Gold,2,
Rowing,ARG,Silver,1,
Rowing,AUS,Bronze,61,
Rowing,AUS,Gold,21,
Rowing,AUS,Silver,40,
Rowing,AUT,Bronze,4,
Rowing,AUT,Silver,5,
Rowing,BEL,Bronze,4,
Rowing,BEL,Silver,24,
Rowing,BLR,Bronze,14,
Rowing,BLR,Gold,2,
Rowing,BLR,Silver,1,
Rowing,BUL,Bronze,16,
Rowing,BUL,Gold,5,
Rowing,BUL,Silver,13,
Rowing,CAN,Bronze,59,
Rowing,CAN,Gold,50,
Rowing,CAN,Silver,70,
Rowing,CHN,Bronze,11,
Rowing,CHN,Gold,4,
Rowing,CHN,Silver,9,
Rowing,CRO,Bronze,9,
Rowing,CRO,Silver,2,
Rowing,CZE,Silver,5,
Rowing,DEN,Bronze,34,
Rowing,DEN,Gold,24,
Rowing,DEN,Silver,8,
Rowing,ESP,Silver,2,
Rowing,EST,Silver,3,
Rowing,EUA,Bronze,2,
Rowing,EUA,Gold,22,
Rowing,EUA,Silver,14,
Rowing,EUN,Bronze,4,
Rowing,FIN,Bronze,11,
Rowing,FIN,Gold,3,
Rowing,FIN,Silver,2,
Rowing,FRA,Bronze,36,
Rowing,FRA,Gold,17,
Rowing,FRA,Silver,41,
Rowing,FRG,Bronze,19,
Rowing,FRG,Gold,27,
Rowing,FRG,Silver,4,
Rowing,GBR,Bronze,30,
Rowing,GBR,Gold,84,
Rowing,GBR,Silver,102,
Rowing,GDR,Bronze,21,
Rowing,GDR,Gold,138,
Rowing,GDR,Silver,24,
Rowing,GER,Bronze,64,
Rowing,GER,Gold,62,
Rowing,GER,Silver,37,
Rowing,GRE,Bronze,2,
Rowing,GRE,Silver,2,
Rowing,HUN,Bronze,4,
Rowing,HUN,Silver,4,
Rowing,ITA,Bronze,45,
Rowing,ITA,Gold,36,
Rowing,ITA,Silver,56,
Rowing,LTU,Bronze,2,
Rowing,NED,Bronze,43,
Rowing,NED,Gold,16,
Rowing,NED,Silver,49,
Rowing,NOR,Bronze,30,
Rowing,NOR,Gold,4,
Rowing,NOR,Silver,18,
Rowing,NZL,Bronze,26,
Rowing,NZL,Gold,23,
Rowing,NZL,Silver,6,
Rowing,POL,Bronze,27,
Rowing,POL,Gold,8,
Rowing,POL,Silver,9,
Rowing,ROU,Bronze,40,
Rowing,ROU,Gold,65,
Rowing,ROU,Silver,54,
Rowing,RSA,Bronze,2,
Rowing,RU1,Bronze,1,
Rowing,RUS,Bronze,13,
Rowing,RUS,Gold,4,
Rowing,SLO,Bronze,6,
Rowing,SLO,Gold,2,
Rowing,SLO,Silver,2,
Rowing,SUI,Bronze,24,
Rowing,SUI,Gold,19,
Rowing,SUI,Silver,27,
Rowing,SWE,Silver,10,
Rowing,TCH,Bronze,34,
Rowing,TCH,Gold,7,
Rowing,TCH,Silver,4,
Rowing,UKR,Bronze,4,
Rowing,UKR,Silver,4,
Rowing,URS,Bronze,44,
Rowing,URS,Gold,22,
Rowing,URS,Silver,86,
Rowing,URU,Bronze,5,
Rowing,URU,Silver,1,
Rowing,USA,Bronze,79,
Rowing,USA,Gold,168,
Rowing,USA,Silver,100,
Rowing,YUG,Bronze,7,
Rowing,YUG,Gold,4,
Rowing,YUG,Silver,2,
Rowing,ZZX,Gold,3,
Rugby,ANZ,Gold,15,
Rugby,FRA,Gold,17,
Rugby,FRA,Silver,46,
Rugby,GBR,Silver,30,
Rugby,GER,Silver,15,
Rugby,ROU,Bronze,23,
Rugby,USA,Gold,46,
Sailing,AHO,Silver,1,
Sailing,ARG,Bronze,7,
Sailing,ARG,Silver,11,
Sailing,AUS,Bronze,14,
Sailing,AUS,Gold,16,
Sailing,AUS,Silver,8,
Sailing,AUT,Gold,5,
Sailing,AUT,Silver,5,
Sailing,BAH,Bronze,2,
Sailing,BAH,Gold,2,
Sailing,BEL,Bronze,6,
Sailing,BEL,Gold,4,
Sailing,BEL,Silver,8,
Sailing,BRA,Bronze,14,
Sailing,BRA,Gold,10,
Sailing,BRA,Silver,6,
Sailing,CAN,Bronze,15,
Sailing,CAN,Silver,10,
Sailing,CHN,Bronze,1,
Sailing,CHN,Gold,1,
Sailing,CHN,Silver,2,
Sailing,CUB,Silver,2,
Sailing,CZE,Silver,1,
Sailing,DEN,Bronze,13,
Sailing,DEN,Gold,24,
Sailing,DEN,Silver,24,
Sailing,ESP,Bronze,1,
Sailing,ESP,Gold,20,
Sailing,ESP,Silver,8,
Sailing,EST,Bronze,7,
Sailing,EUA,Bronze,2,
Sailing,EUA,Gold,1,
Sailing,EUA,Silver,3,
Sailing,FIN,Bronze,21,
Sailing,FIN,Gold,3,
Sailing,FIN,Silver,7,
Sailing,FRA,Bronze,19,
Sailing,FRA,Gold,16,
Sailing,FRA,Silver,13,
Sailing,FRG,Bronze,6,
Sailing,FRG,Gold,4,
Sailing,FRG,Silver,4,
Sailing,GBR,Bronze,24,
Sailing,GBR,Gold,64,
Sailing,GBR,Silver,38,
Sailing,GDR,Bronze,6,
Sailing,GDR,Gold,4,
Sailing,GDR,Silver,5,
Sailing,GER,Bronze,13,
Sailing,GER,Gold,5,
Sailing,GER,Silver,9,
Sailing,GRE,Bronze,6,
Sailing,GRE,Gold,6,
Sailing,GRE,Silver,2,
Sailing,HKG,Gold,1,
Sailing,HUN,Bronze,2,
Sailing,IRL,Silver,2,
Sailing,ISR,Bronze,2,
Sailing,ISR,Gold,1,
Sailing,ISV,Silver,1,
Sailing,ITA,Bronze,13,
Sailing,ITA,Gold,9,
Sailing,ITA,Silver,4,
Sailing,JPN,Bronze,2,
Sailing,JPN,Silver,2,
Sailing,LTU,Silver,1,
Sailing,NED,Bronze,10,
Sailing,NED,Gold,7,
Sailing,NED,Silver,16,
Sailing,NOR,Bronze,7,
Sailing,NOR,Gold,81,
Sailing,NOR,Silver,41,
Sailing,NZL,Bronze,5,
Sailing,NZL,Gold,10,
Sailing,NZL,Silver,7,
Sailing,POL,Bronze,1,
Sailing,POL,Gold,1,
Sailing,POR,Bronze,4,
Sailing,POR,Silver,4,
Sailing,RU1,Bronze,7,
Sailing,RUS,Silver,3,
Sailing,SLO,Bronze,1,
Sailing,SLO,Silver,1,
Sailing,SUI,Bronze,3,
Sailing,SUI,Silver,3,
Sailing,SWE,Bronze,34,
Sailing,SWE,Gold,32,
Sailing,SWE,Silver,44,
Sailing,UKR,Bronze,4,
Sailing,UKR,Gold,2,
Sailing,UKR,Silver,5,
Sailing,URS,Bronze,4,
Sailing,URS,Gold,7,
Sailing,URS,Silver,9,
Sailing,USA,Bronze,33,
Sailing,USA,Gold,60,
Sailing,USA,Silver,46,
Shooting,ARG,Silver,1,
Shooting,AUS,Bronze,5,
Shooting,AUS,Gold,4,
Shooting,AUS,Silver,1,
Shooting,AUT,Bronze,5,
Shooting,AUT,Gold,1,
Shooting,AUT,Silver,2,
Shooting,AZE,Bronze,2,
Shooting,AZE,Gold,1,
Shooting,BEL,Bronze,3,
Shooting,BEL,Gold,1,
Shooting,BEL,Silver,11,
Shooting,BLR,Bronze,4,
Shooting,BLR,Silver,2,
Shooting,BRA,Bronze,5,
Shooting,BRA,Gold,1,
Shooting,BRA,Silver,1,
Shooting,BUL,Bronze,6,
Shooting,BUL,Gold,4,
Shooting,BUL,Silver,6,
Shooting,CAN,Bronze,7,
Shooting,CAN,Gold,4,
Shooting,CAN,Silver,13,
Shooting,CHI,Silver,1,
Shooting,CHN,Bronze,12,
Shooting,CHN,Gold,19,
Shooting,CHN,Silver,11,
Shooting,COL,Silver,2,
Shooting,CRO,Bronze,1,
Shooting,CUB,Bronze,3,
Shooting,CZE,Bronze,3,
Shooting,CZE,Gold,2,
Shooting,CZE,Silver,3,
Shooting,DEN,Bronze,10,
Shooting,DEN,Gold,7,
Shooting,DEN,Silver,9,
Shooting,ESP,Bronze,1,
Shooting,ESP,Silver,2,
Shooting,EUA,Bronze,1,
Shooting,EUA,Gold,1,
Shooting,EUN,Bronze,1,
Shooting,EUN,Gold,5,
Shooting,EUN,Silver,2,
Shooting,FIN,Bronze,26,
Shooting,FIN,Gold,4,
Shooting,FIN,Silver,11,
Shooting,FRA,Bronze,20,
Shooting,FRA,Gold,9,
Shooting,FRA,Silver,25,
Shooting,FRG,Bronze,3,
Shooting,FRG,Gold,4,
Shooting,FRG,Silver,4,
Shooting,GBR,Bronze,30,
Shooting,GBR,Gold,28,
Shooting,GBR,Silver,36,
Shooting,GDR,Bronze,5,
Shooting,GDR,Gold,3,
Shooting,GDR,Silver,8,
Shooting,GEO,Bronze,1,
Shooting,GER,Bronze,10,
Shooting,GER,Gold,7,
Shooting,GER,Silver,8,
Shooting,GRE,Bronze,3,
Shooting,GRE,Gold,3,
Shooting,GRE,Silver,8,
Shooting,HAI,Bronze,7,
Shooting,HUN,Bronze,7,
Shooting,HUN,Gold,7,
Shooting,HUN,Silver,3,
Shooting,IND,Gold,1,
Shooting,IND,Silver,1,
Shooting,IOP,Bronze,2,
Shooting,IOP,Silver,1,
Shooting,ITA,Bronze,11,
Shooting,ITA,Gold,10,
Shooting,ITA,Silver,9,
Shooting,JPN,Bronze,3,
Shooting,JPN,Gold,1,
Shooting,JPN,Silver,2,
Shooting,KAZ,Bronze,1,
Shooting,KAZ,Silver,2,
Shooting,KOR,Bronze,1,
Shooting,KOR,Gold,3,
Shooting,KOR,Silver,5,
Shooting,KUW,Bronze,1,
Shooting,LAT,Silver,1,
Shooting,LTU,Gold,1,
Shooting,MDA,Silver,1,
Shooting,MEX,Silver,1,
Shooting,MGL,Bronze,1,
Shooting,MGL,Silver,1,
Shooting,NED,Bronze,5,
Shooting,NED,Silver,1,
Shooting,NOR,Bronze,15,
Shooting,NOR,Gold,31,
Shooting,NOR,Silver,30,
Shooting,NZL,Bronze,1,
Shooting,PER,Gold,1,
Shooting,PER,Silver,2,
Shooting,POL,Bronze,5,
Shooting,POL,Gold,4,
Shooting,POL,Silver,2,
Shooting,POR,Silver,1,
Shooting,PRK,Bronze,1,
Shooting,PRK,Gold,1,
Shooting,ROU,Bronze,5,
Shooting,ROU,Gold,5,
Shooting,ROU,Silver,4,
Shooting,RSA,Silver,5,
Shooting,RU1,Bronze,1,
Shooting,RU1,Silver,4,
Shooting,RUS,Bronze,8,
Shooting,RUS,Gold,7,
Shooting,RUS,Silver,11,
Shooting,SCG,Silver,1,
Shooting,SLO,Bronze,1,
Shooting,SLO,Gold,1,
Shooting,SUI,Bronze,20,
Shooting,SUI,Gold,14,
Shooting,SUI,Silver,6,
Shooting,SVK,Bronze,2,
Shooting,SVK,Silver,1,
Shooting,SWE,Bronze,41,
Shooting,SWE,Gold,32,
Shooting,SWE,Silver,53,
Shooting,TCH,Bronze,2,
Shooting,TCH,Gold,4,
Shooting,TCH,Silver,3,
Shooting,UAE,Gold,1,
Shooting,UKR,Gold,4,
Shooting,UKR,Silver,1,
Shooting,URS,Bronze,17,
Shooting,URS,Gold,17,
Shooting,URS,Silver,15,
Shooting,USA,Bronze,37,
Shooting,USA,Gold,113,
Shooting,USA,Silver,36,
Shooting,VEN,Bronze,1,
Shooting,YUG,Bronze,2,
Shooting,YUG,Gold,3,
Shooting,YUG,Silver,1,
Skating,FIN,Gold,2,
Skating,GBR,Bronze,5,
Skating,GBR,Gold,1,
Skating,GBR,Silver,3,
Skating,GER,Bronze,1,
Skating,GER,Gold,2,
Skating,GER,Silver,1,
Skating,NOR,Bronze,1,
Skating,NOR,Silver,3,
Skating,RU1,Gold,1,
Skating,SWE,Bronze,1,
Skating,SWE,Gold,3,
Skating,SWE,Silver,2,
Skating,USA,Bronze,1,
Softball,AUS,Bronze,45,
Softball,AUS,Silver,15,
Softball,CHN,Silver,15,
Softball,JPN,Bronze,15,
Softball,JPN,Gold,15,
Softball,JPN,Silver,15,
Softball,USA,Gold,45,
Softball,USA,Silver,15,
Table Tennis,CHN,Bronze,9,
Table Tennis,CHN,Gold,33,
Table Tennis,CHN,Silver,19,
Table Tennis,DEN,Bronze,2,
Table Tennis,FRA,Bronze,2,
Table Tennis,FRA,Silver,1,
Table Tennis,GER,Bronze,1,
Table Tennis,GER,Silver,5,
Table Tennis,HKG,Silver,2,
Table Tennis,KOR,Bronze,23,
Table Tennis,KOR,Gold,4,
Table Tennis,KOR,Silver,3,
Table Tennis,PRK,Bronze,3,
Table Tennis,PRK,Silver,1,
Table Tennis,SIN,Silver,3,
Table Tennis,SWE,Bronze,1,
Table Tennis,SWE,Gold,1,
Table Tennis,SWE,Silver,1,
Table Tennis,TPE,Bronze,1,
Table Tennis,TPE,Silver,1,
Table Tennis,YUG,Bronze,2,
Table Tennis,YUG,Silver,2,
Taekwondo,AFG,Bronze,1,
Taekwondo,AUS,Gold,1,
Taekwondo,AUS,Silver,1,
Taekwondo,BRA,Bronze,1,
Taekwondo,CAN,Bronze,1,
Taekwondo,CAN,Silver,1,
Taekwondo,CHN,Bronze,1,
Taekwondo,CHN,Gold,4,
Taekwondo,CRO,Bronze,2,
Taekwondo,CUB,Bronze,1,
Taekwondo,CUB,Gold,1,
Taekwondo,CUB,Silver,2,
Taekwondo,DOM,Silver,1,
Taekwondo,EGY,Bronze,1,
Taekwondo,ESP,Silver,1,
Taekwondo,FRA,Bronze,3,
Taekwondo,FRA,Silver,1,
Taekwondo,GBR,Bronze,1,
Taekwondo,GER,Silver,1,
Taekwondo,GRE,Gold,1,
Taekwondo,GRE,Silver,3,
Taekwondo,IRI,Bronze,2,
Taekwondo,IRI,Gold,2,
Taekwondo,ITA,Silver,1,
Taekwondo,JPN,Bronze,1,
Taekwondo,KAZ,Bronze,1,
Taekwondo,KOR,Bronze,2,
Taekwondo,KOR,Gold,9,
Taekwondo,KOR,Silver,1,
Taekwondo,MEX,Bronze,2,
Taekwondo,MEX,Gold,2,
Taekwondo,MEX,Silver,1,
Taekwondo,NGR,Bronze,1,
Taekwondo,NOR,Silver,2,
Taekwondo,RUS,Silver,1,
Taekwondo,THA,Bronze,1,
Taekwondo,THA,Silver,1,
Taekwondo,TPE,Bronze,4,
Taekwondo,TPE,Gold,2,
Taekwondo,TPE,Silver,1,
Taekwondo,TUR,Bronze,2,
Taekwondo,TUR,Silver,2,
Taekwondo,USA,Bronze,2,
Taekwondo,USA,Gold,2,
Taekwondo,USA,Silver,2,
Taekwondo,VEN,Bronze,2,
Taekwondo,VIE,Silver,1,
Tennis,ANZ,Bronze,1,
Tennis,ARG,Bronze,4,
Tennis,ARG,Silver,1,
Tennis,AUS,Bronze,5,
Tennis,AUS,Gold,2,
Tennis,AUS,Silver,2,
Tennis,AUT,Silver,2,
Tennis,BEL,Bronze,2,
Tennis,BEL,Gold,1,
Tennis,BOH,Bronze,1,
Tennis,BUL,Bronze,1,
Tennis,CAN,Gold,2,
Tennis,CHI,Bronze,1,
Tennis,CHI,Gold,3,
Tennis,CHI,Silver,1,
Tennis,CHN,Bronze,2,
Tennis,CHN,Gold,2,
Tennis,CRO,Bronze,5,
Tennis,CZE,Bronze,1,
Tennis,CZE,Silver,2,
Tennis,DEN,Silver,1,
Tennis,ESP,Bronze,5,
Tennis,ESP,Gold,1,
Tennis,ESP,Silver,9,
Tennis,EUN,Bronze,3,
Tennis,FRA,Bronze,13,
Tennis,FRA,Gold,7,
Tennis,FRA,Silver,6,
Tennis,FRG,Bronze,2,
Tennis,FRG,Gold,1,
Tennis,GBR,Bronze,16,
Tennis,GBR,Gold,22,
Tennis,GBR,Silver,20,
Tennis,GER,Bronze,3,
Tennis,GER,Gold,4,
Tennis,GER,Silver,6,
Tennis,GRE,Bronze,1,
Tennis,GRE,Silver,1,
Tennis,HUN,Bronze,1,
Tennis,IND,Bronze,1,
Tennis,ITA,Bronze,1,
Tennis,JPN,Silver,3,
Tennis,NED,Bronze,2,
Tennis,NED,Silver,2,
Tennis,NOR,Bronze,1,
Tennis,RSA,Bronze,1,
Tennis,RSA,Gold,4,
Tennis,RSA,Silver,3,
Tennis,RUS,Bronze,1,
Tennis,RUS,Gold,2,
Tennis,RUS,Silver,2,
Tennis,SRB,Bronze,1,
Tennis,SUI,Gold,3,
Tennis,SWE,Bronze,8,
Tennis,SWE,Silver,6,
Tennis,TCH,Bronze,4,
Tennis,TCH,Gold,1,
Tennis,TCH,Silver,2,
Tennis,USA,Bronze,13,
Tennis,USA,Gold,27,
Tennis,USA,Silver,7,
Tennis,ZZX,Bronze,6,
Tennis,ZZX,Gold,2,
Tennis,ZZX,Silver,6,
Triathlon,AUS,Bronze,1,
Triathlon,AUS,Gold,1,
Triathlon,AUS,Silver,2,
Triathlon,AUT,Gold,1,
Triathlon,CAN,Gold,1,
Triathlon,CAN,Silver,1,
Triathlon,CZE,Bronze,1,
Triathlon,GER,Gold,1,
Triathlon,GER,Silver,1,
Triathlon,NZL,Bronze,1,
Triathlon,NZL,Gold,1,
Triathlon,NZL,Silver,1,
Triathlon,POR,Silver,1,
Triathlon,SUI,Bronze,2,
Triathlon,SUI,Gold,1,
Triathlon,USA,Bronze,1,
Tug of War,BEL,Bronze,8,
Tug of War,FRA,Silver,6,
Tug of War,GBR,Bronze,9,
Tug of War,GBR,Gold,17,
Tug of War,GBR,Silver,17,
Tug of War,NED,Silver,8,
Tug of War,SWE,Gold,8,
Tug of War,USA,Bronze,5,
Tug of War,USA,Gold,5,
Tug of War,USA,Silver,5,
Tug of War,ZZX,Gold,6,
Volleyball,ARG,Bronze,12,
Volleyball,AUS,Bronze,2,
Volleyball,AUS,Gold,2,
Volleyball,BRA,Bronze,28,
Volleyball,BRA,Gold,40,
Volleyball,BRA,Silver,34,
Volleyball,BUL,Bronze,12,
Volleyball,BUL,Silver,12,
Volleyball,CAN,Bronze,2,
Volleyball,CHN,Bronze,26,
Volleyball,CHN,Gold,24,
Volleyball,CHN,Silver,14,
Volleyball,CUB,Bronze,24,
Volleyball,CUB,Gold,36,
Volleyball,ESP,Silver,2,
Volleyball,EUN,Silver,12,
Volleyball,GDR,Silver,24,
Volleyball,GER,Bronze,2,
Volleyball,ITA,Bronze,24,
Volleyball,ITA,Silver,23,
Volleyball,JPN,Bronze,24,
Volleyball,JPN,Gold,36,
Volleyball,JPN,Silver,36,
Volleyball,KOR,Bronze,12,
Volleyball,NED,Gold,12,
Volleyball,NED,Silver,12,
Volleyball,PER,Silver,12,
Volleyball,POL,Bronze,24,
Volleyball,POL,Gold,12,
Volleyball,PRK,Bronze,11,
Volleyball,ROU,Bronze,12,
Volleyball,RUS,Bronze,24,
Volleyball,RUS,Silver,36,
Volleyball,SUI,Bronze,2,
Volleyball,TCH,Bronze,12,
Volleyball,TCH,Silver,12,
Volleyball,URS,Bronze,12,
Volleyball,URS,Gold,84,
Volleyball,URS,Silver,48,
Volleyball,USA,Bronze,26,
Volleyball,USA,Gold,46,
Volleyball,USA,Silver,26,
Volleyball,YUG,Bronze,12,
Volleyball,YUG,Gold,12,
Water Motorsports,FRA,Gold,1,
Water Motorsports,GBR,Gold,4,
Weightlifting,ARG,Bronze,1,
Weightlifting,ARG,Silver,1,
Weightlifting,ARM,Bronze,4,
Weightlifting,AUS,Bronze,2,
Weightlifting,AUS,Gold,1,
Weightlifting,AUS,Silver,1,
Weightlifting,AUT,Bronze,2,
Weightlifting,AUT,Gold,3,
Weightlifting,AUT,Silver,4,
Weightlifting,BEL,Bronze,1,
Weightlifting,BEL,Gold,1,
Weightlifting,BEL,Silver,2,
Weightlifting,BLR,Bronze,4,
Weightlifting,BLR,Gold,1,
Weightlifting,BLR,Silver,3,
Weightlifting,BUL,Bronze,8,
Weightlifting,BUL,Gold,12,
Weightlifting,BUL,Silver,16,
Weightlifting,CAN,Silver,2,
Weightlifting,CHN,Bronze,8,
Weightlifting,CHN,Gold,24,
Weightlifting,CHN,Silver,11,
Weightlifting,COL,Bronze,1,
Weightlifting,COL,Gold,1,
Weightlifting,COL,Silver,1,
Weightlifting,CRO,Bronze,1,
Weightlifting,CRO,Gold,1,
Weightlifting,CUB,Bronze,1,
Weightlifting,CUB,Gold,2,
Weightlifting,CUB,Silver,1,
Weightlifting,DEN,Gold,1,
Weightlifting,DEN,Silver,2,
Weightlifting,EGY,Bronze,2,
Weightlifting,EGY,Gold,5,
Weightlifting,EGY,Silver,2,
Weightlifting,EST,Bronze,3,
Weightlifting,EST,Gold,1,
Weightlifting,EST,Silver,3,
Weightlifting,EUN,Gold,5,
Weightlifting,EUN,Silver,4,
Weightlifting,FIN,Bronze,2,
Weightlifting,FIN,Gold,1,
Weightlifting,FRA,Bronze,3,
Weightlifting,FRA,Gold,9,
Weightlifting,FRA,Silver,3,
Weightlifting,FRG,Bronze,3,
Weightlifting,FRG,Gold,2,
Weightlifting,FRG,Silver,2,
Weightlifting,GBR,Bronze,3,
Weightlifting,GBR,Gold,1,
Weightlifting,GBR,Silver,3,
Weightlifting,GDR,Bronze,6,
Weightlifting,GDR,Gold,1,
Weightlifting,GDR,Silver,4,
Weightlifting,GEO,Bronze,1,
Weightlifting,GEO,Gold,1,
Weightlifting,GER,Bronze,7,
Weightlifting,GER,Gold,6,
Weightlifting,GER,Silver,7,
Weightlifting,GRE,Bronze,4,
Weightlifting,GRE,Gold,6,
Weightlifting,GRE,Silver,5,
Weightlifting,HUN,Bronze,9,
Weightlifting,HUN,Gold,2,
Weightlifting,HUN,Silver,9,
Weightlifting,INA,Bronze,4,
Weightlifting,INA,Silver,2,
Weightlifting,IND,Bronze,1,
Weightlifting,IRI,Bronze,5,
Weightlifting,IRI,Gold,4,
Weightlifting,IRI,Silver,3,
Weightlifting,IRQ,Bronze,1,
Weightlifting,ITA,Bronze,5,
Weightlifting,ITA,Gold,5,
Weightlifting,ITA,Silver,4,
Weightlifting,JPN,Bronze,8,
Weightlifting,JPN,Gold,2,
Weightlifting,JPN,Silver,2,
Weightlifting,KAZ,Bronze,1,
Weightlifting,KAZ,Gold,1,
Weightlifting,KAZ,Silver,4,
Weightlifting,KOR,Bronze,4,
Weightlifting,KOR,Gold,3,
Weightlifting,KOR,Silver,4,
Weightlifting,LAT,Bronze,1,
Weightlifting,LAT,Silver,1,
Weightlifting,LIB,Silver,1,
Weightlifting,LUX,Silver,1,
Weightlifting,MEX,Gold,1,
Weightlifting,NED,Bronze,3,
Weightlifting,NGR,Silver,1,
Weightlifting,NOR,Gold,1,
Weightlifting,POL,Bronze,20,
Weightlifting,POL,Gold,4,
Weightlifting,POL,Silver,6,
Weightlifting,PRK,Bronze,4,
Weightlifting,PRK,Gold,1,
Weightlifting,PRK,Silver,4,
Weightlifting,QAT,Bronze,1,
Weightlifting,ROU,Bronze,3,
Weightlifting,ROU,Gold,2,
Weightlifting,ROU,Silver,6,
Weightlifting,RUS,Bronze,10,
Weightlifting,RUS,Gold,3,
Weightlifting,RUS,Silver,8,
Weightlifting,SIN,Silver,1,
Weightlifting,SUI,Bronze,2,
Weightlifting,SUI,Silver,2,
Weightlifting,SWE,Bronze,4,
Weightlifting,TCH,Bronze,3,
Weightlifting,TCH,Gold,3,
Weightlifting,TCH,Silver,2,
Weightlifting,THA,Bronze,3,
Weightlifting,THA,Gold,3,
Weightlifting,TPE,Bronze,4,
Weightlifting,TPE,Silver,1,
Weightlifting,TRI,Bronze,2,
Weightlifting,TRI,Silver,1,
Weightlifting,TUR,Bronze,1,
Weightlifting,TUR,Gold,8,
Weightlifting,TUR,Silver,1,
Weightlifting,UKR,Bronze,2,
Weightlifting,UKR,Gold,2,
Weightlifting,UKR,Silver,2,
Weightlifting,URS,Bronze,2,
Weightlifting,URS,Gold,39,
Weightlifting,URS,Silver,21,
Weightlifting,USA,Bronze,11,
Weightlifting,USA,Gold,16,
Weightlifting,USA,Silver,16,
Weightlifting,VEN,Bronze,1,
Weightlifting,VIE,Silver,1,
Wrestling,ARM,Bronze,2,
Wrestling,ARM,Gold,1,
Wrestling,ARM,Silver,1,
Wrestling,AUS,Bronze,2,
Wrestling,AUS,Silver,1,
Wrestling,AUT,Bronze,2,
Wrestling,AZE,Bronze,2,
Wrestling,AZE,Gold,2,
Wrestling,AZE,Silver,3,
Wrestling,BEL,Silver,3,
Wrestling,BLR,Bronze,5,
Wrestling,BLR,Silver,3,
Wrestling,BUL,Bronze,20,
Wrestling,BUL,Gold,16,
Wrestling,BUL,Silver,31,
Wrestling,CAN,Bronze,6,
Wrestling,CAN,Gold,2,
Wrestling,CAN,Silver,6,
Wrestling,CHN,Bronze,3,
Wrestling,CHN,Gold,2,
Wrestling,CHN,Silver,2,
Wrestling,COL,Bronze,1,
Wrestling,CUB,Bronze,6,
Wrestling,CUB,Gold,6,
Wrestling,CUB,Silver,5,
Wrestling,DEN,Bronze,6,
Wrestling,DEN,Silver,2,
Wrestling,EGY,Bronze,2,
Wrestling,EGY,Gold,2,
Wrestling,EGY,Silver,2,
Wrestling,EST,Bronze,4,
Wrestling,EST,Gold,5,
Wrestling,EST,Silver,1,
Wrestling,EUA,Bronze,3,
Wrestling,EUA,Gold,1,
Wrestling,EUA,Silver,5,
Wrestling,EUN,Bronze,5,
Wrestling,EUN,Gold,6,
Wrestling,EUN,Silver,5,
Wrestling,FIN,Bronze,29,
Wrestling,FIN,Gold,26,
Wrestling,FIN,Silver,28,
Wrestling,FRA,Bronze,8,
Wrestling,FRA,Gold,4,
Wrestling,FRA,Silver,4,
Wrestling,FRG,Bronze,4,
Wrestling,FRG,Gold,1,
Wrestling,FRG,Silver,4,
Wrestling,GBR,Bronze,10,
Wrestling,GBR,Gold,3,
Wrestling,GBR,Silver,4,
Wrestling,GDR,Bronze,2,
Wrestling,GDR,Gold,2,
Wrestling,GDR,Silver,3,
Wrestling,GEO,Bronze,6,
Wrestling,GEO,Gold,2,
Wrestling,GEO,Silver,1,
Wrestling,GER,Bronze,8,
Wrestling,GER,Gold,4,
Wrestling,GER,Silver,12,
Wrestling,GRE,Bronze,7,
Wrestling,GRE,Gold,1,
Wrestling,GRE,Silver,3,
Wrestling,HUN,Bronze,17,
Wrestling,HUN,Gold,19,
Wrestling,HUN,Silver,15,
Wrestling,IND,Bronze,2,
Wrestling,IRI,Bronze,15,
Wrestling,IRI,Gold,5,
Wrestling,IRI,Silver,12,
Wrestling,ITA,Bronze,9,
Wrestling,ITA,Gold,7,
Wrestling,ITA,Silver,4,
Wrestling,JPN,Bronze,15,
Wrestling,JPN,Gold,24,
Wrestling,JPN,Silver,17,
Wrestling,KAZ,Bronze,6,
Wrestling,KAZ,Gold,1,
Wrestling,KAZ,Silver,4,
Wrestling,KGZ,Bronze,1,
Wrestling,KGZ,Silver,1,
Wrestling,KOR,Bronze,13,
Wrestling,KOR,Gold,10,
Wrestling,KOR,Silver,11,
Wrestling,LAT,Silver,1,
Wrestling,LIB,Bronze,2,
Wrestling,LIB,Silver,1,
Wrestling,LTU,Bronze,1,
Wrestling,MDA,Bronze,1,
Wrestling,MEX,Silver,1,
Wrestling,MGL,Bronze,4,
Wrestling,MGL,Silver,4,
Wrestling,MKD,Bronze,1,
Wrestling,NOR,Bronze,1,
Wrestling,NOR,Gold,2,
Wrestling,NOR,Silver,2,
Wrestling,PAK,Bronze,1,
Wrestling,POL,Bronze,10,
Wrestling,POL,Gold,5,
Wrestling,POL,Silver,9,
Wrestling,PRK,Bronze,4,
Wrestling,PRK,Gold,3,
Wrestling,PRK,Silver,2,
Wrestling,ROU,Bronze,17,
Wrestling,ROU,Gold,7,
Wrestling,ROU,Silver,8,
Wrestling,RU1,Silver,3,
Wrestling,RUS,Bronze,8,
Wrestling,RUS,Gold,21,
Wrestling,RUS,Silver,8,
Wrestling,SUI,Bronze,6,
Wrestling,SUI,Gold,4,
Wrestling,SUI,Silver,4,
Wrestling,SVK,Bronze,1,
Wrestling,SWE,Bronze,27,
Wrestling,SWE,Gold,28,
Wrestling,SWE,Silver,27,
Wrestling,SYR,Silver,1,
Wrestling,TCH,Bronze,7,
Wrestling,TCH,Gold,1,
Wrestling,TCH,Silver,7,
Wrestling,TJK,Silver,1,
Wrestling,TUR,Bronze,13,
Wrestling,TUR,Gold,28,
Wrestling,TUR,Silver,16,
Wrestling,UKR,Bronze,6,
Wrestling,UKR,Gold,3,
Wrestling,UKR,Silver,4,
Wrestling,URS,Bronze,23,
Wrestling,URS,Gold,62,
Wrestling,URS,Silver,31,
Wrestling,USA,Bronze,32,
Wrestling,USA,Gold,50,
Wrestling,USA,Silver,43,
Wrestling,UZB,Gold,3,
Wrestling,UZB,Silver,3,
Wrestling,YUG,Bronze,6,
Wrestling,YUG,Gold,4,
Wrestling,YUG,Silver,6,
