Edition,NOC,Medal,Vitorias por medalha
1896,AUS,Gold,2
1896,AUT,Bronze,2
1896,AUT,Gold,2
1896,AUT,Silver,1
1896,DEN,Bronze,3
1896,DEN,Gold,1
1896,DEN,Silver,2
1896,FRA,Bronze,2
1896,FRA,Gold,5
1896,FRA,Silver,4
1896,GBR,Bronze,2
1896,GBR,Gold,2
1896,GBR,Silver,3
1896,GER,Bronze,2
1896,GER,Gold,26
1896,GER,Silver,5
1896,GRE,Bronze,22
1896,GRE,Gold,10
1896,GRE,Silver,20
1896,HUN,Bronze,3
1896,HUN,Gold,2
1896,HUN,Silver,1
1896,SUI,Gold,1
1896,SUI,Silver,2
1896,USA,Bronze,2
1896,USA,Gold,11
1896,USA,Silver,7
1896,ZZX,Bronze,2
1896,ZZX,Gold,2
1896,ZZX,Silver,2
1900,AUS,Bronze,3
1900,AUS,Gold,2
1900,AUT,Bronze,3
1900,AUT,Silver,3
1900,BEL,Bronze,15
1900,BEL,Gold,5
1900,BEL,Silver,19
1900,BOH,Bronze,1
1900,BOH,Silver,1
1900,CAN,Bronze,1
1900,CAN,Gold,1
1900,CUB,Gold,1
1900,CUB,Silver,1
1900,DEN,Bronze,2
1900,DEN,Gold,1
1900,DEN,Silver,3
1900,ESP,Gold,2
1900,FRA,Bronze,53
1900,FRA,Gold,46
1900,FRA,Silver,86
1900,GBR,Bronze,10
1900,GBR,Gold,48
1900,GBR,Silver,20
1900,GER,Bronze,10
1900,GER,Gold,11
1900,GER,Silver,19
1900,HUN,Bronze,2
1900,HUN,Gold,1
1900,HUN,Silver,2
1900,IND,Silver,2
1900,ITA,Gold,2
1900,ITA,Silver,2
1900,NED,Bronze,15
1900,NED,Silver,5
1900,NOR,Bronze,3
1900,NOR,Silver,6
1900,SUI,Bronze,1
1900,SUI,Gold,13
1900,SUI,Silver,1
1900,SWE,Bronze,1
1900,USA,Bronze,14
1900,USA,Gold,27
1900,USA,Silver,14
1900,ZZX,Bronze,8
1900,ZZX,Gold,18
1900,ZZX,Silver,8
1904,AUT,Bronze,1
1904,CAN,Gold,26
1904,CAN,Silver,9
1904,CUB,Bronze,3
1904,CUB,Gold,4
1904,CUB,Silver,2
1904,GBR,Gold,1
1904,GBR,Silver,1
1904,GER,Bronze,5
1904,GER,Gold,4
1904,GER,Silver,4
1904,GRE,Bronze,1
1904,GRE,Gold,1
1904,HUN,Bronze,1
1904,HUN,Gold,2
1904,HUN,Silver,1
1904,SUI,Bronze,1
1904,SUI,Gold,1
1904,USA,Bronze,111
1904,USA,Gold,146
1904,USA,Silver,137
1904,ZZX,Gold,3
1904,ZZX,Silver,5
1908,ANZ,Bronze,2
1908,ANZ,Gold,15
1908,ANZ,Silver,2
1908,AUT,Bronze,1
1908,BEL,Bronze,6
1908,BEL,Gold,1
1908,BEL,Silver,24
1908,BOH,Bronze,5
1908,CAN,Bronze,26
1908,CAN,Gold,17
1908,CAN,Silver,8
1908,DEN,Bronze,3
1908,DEN,Silver,12
1908,FIN,Bronze,27
1908,FIN,Gold,1
1908,FIN,Silver,1
1908,FRA,Bronze,21
1908,FRA,Gold,9
1908,FRA,Silver,5
1908,GBR,Bronze,68
1908,GBR,Gold,144
1908,GBR,Silver,135
1908,GER,Bronze,7
1908,GER,Gold,4
1908,GER,Silver,11
1908,GRE,Silver,3
1908,HUN,Bronze,5
1908,HUN,Gold,6
1908,HUN,Silver,7
1908,ITA,Gold,2
1908,ITA,Silver,5
1908,NED,Bronze,11
1908,NOR,Bronze,3
1908,NOR,Gold,7
1908,NOR,Silver,34
1908,RSA,Gold,1
1908,RSA,Silver,1
1908,RU1,Gold,1
1908,RU1,Silver,2
1908,SWE,Bronze,11
1908,SWE,Gold,69
1908,SWE,Silver,18
1908,USA,Bronze,15
1908,USA,Gold,34
1908,USA,Silver,14
1912,ANZ,Bronze,3
1912,ANZ,Gold,5
1912,ANZ,Silver,2
1912,AUT,Bronze,5
1912,AUT,Silver,9
1912,BEL,Bronze,9
1912,BEL,Gold,9
1912,BEL,Silver,1
1912,CAN,Bronze,3
1912,CAN,Gold,3
1912,CAN,Silver,2
1912,DEN,Bronze,34
1912,DEN,Gold,5
1912,DEN,Silver,45
1912,FIN,Bronze,22
1912,FIN,Gold,9
1912,FIN,Silver,36
1912,FRA,Bronze,5
1912,FRA,Gold,10
1912,FRA,Silver,10
1912,GBR,Bronze,58
1912,GBR,Gold,44
1912,GBR,Silver,58
1912,GER,Bronze,23
1912,GER,Gold,10
1912,GER,Silver,19
1912,GRE,Bronze,1
1912,GRE,Gold,1
1912,HUN,Bronze,3
1912,HUN,Gold,10
1912,HUN,Silver,17
1912,ITA,Bronze,2
1912,ITA,Gold,18
1912,ITA,Silver,1
1912,NED,Bronze,22
1912,NOR,Bronze,29
1912,NOR,Gold,41
1912,NOR,Silver,6
1912,RSA,Gold,5
1912,RSA,Silver,2
1912,RU1,Bronze,9
1912,RU1,Silver,5
1912,SWE,Bronze,25
1912,SWE,Gold,86
1912,SWE,Silver,62
1912,USA,Bronze,31
1912,USA,Gold,45
1912,USA,Silver,25
1920,AUS,Bronze,1
1920,AUS,Silver,5
1920,BEL,Bronze,65
1920,BEL,Gold,57
1920,BEL,Silver,66
1920,BRA,Bronze,5
1920,BRA,Gold,1
1920,BRA,Silver,1
1920,CAN,Bronze,3
1920,CAN,Gold,10
1920,CAN,Silver,3
1920,DEN,Bronze,1
1920,DEN,Gold,30
1920,DEN,Silver,44
1920,ESP,Silver,24
1920,EST,Gold,1
1920,EST,Silver,2
1920,FIN,Bronze,17
1920,FIN,Gold,18
1920,FIN,Silver,14
1920,FRA,Bronze,55
1920,FRA,Gold,13
1920,FRA,Silver,73
1920,GBR,Bronze,17
1920,GBR,Gold,55
1920,GBR,Silver,35
1920,GRE,Silver,5
1920,ITA,Bronze,7
1920,ITA,Gold,68
1920,ITA,Silver,9
1920,JPN,Silver,3
1920,LUX,Silver,1
1920,NED,Bronze,24
1920,NED,Gold,14
1920,NED,Silver,10
1920,NOR,Bronze,27
1920,NOR,Gold,58
1920,NOR,Silver,56
1920,NZL,Bronze,1
1920,RSA,Bronze,6
1920,RSA,Gold,3
1920,RSA,Silver,12
1920,SUI,Bronze,21
1920,SUI,Gold,6
1920,SUI,Silver,2
1920,SWE,Bronze,57
1920,SWE,Gold,53
1920,SWE,Silver,36
1920,TCH,Bronze,10
1920,USA,Bronze,38
1920,USA,Gold,110
1920,USA,Silver,45
1924,ARG,Bronze,2
1924,ARG,Gold,6
1924,ARG,Silver,3
1924,AUS,Bronze,2
1924,AUS,Gold,3
1924,AUS,Silver,5
1924,AUT,Bronze,1
1924,AUT,Silver,3
1924,BEL,Bronze,6
1924,BEL,Gold,3
1924,BEL,Silver,29
1924,CAN,Bronze,1
1924,CAN,Silver,19
1924,DEN,Bronze,2
1924,DEN,Gold,2
1924,DEN,Silver,8
1924,EST,Bronze,4
1924,EST,Gold,1
1924,EST,Silver,1
1924,FIN,Bronze,15
1924,FIN,Gold,24
1924,FIN,Silver,13
1924,FRA,Bronze,20
1924,FRA,Gold,39
1924,FRA,Silver,63
1924,GBR,Bronze,20
1924,GBR,Gold,17
1924,GBR,Silver,29
1924,HAI,Bronze,7
1924,HUN,Bronze,8
1924,HUN,Gold,2
1924,HUN,Silver,10
1924,ITA,Bronze,21
1924,ITA,Gold,25
1924,ITA,Silver,5
1924,JPN,Bronze,1
1924,NED,Bronze,17
1924,NED,Gold,8
1924,NED,Silver,1
1924,NOR,Bronze,3
1924,NOR,Gold,16
1924,NOR,Silver,7
1924,NZL,Bronze,1
1924,POL,Bronze,1
1924,POL,Silver,4
1924,POR,Bronze,3
1924,ROU,Bronze,23
1924,RSA,Bronze,1
1924,RSA,Gold,1
1924,RSA,Silver,1
1924,SUI,Bronze,21
1924,SUI,Gold,13
1924,SUI,Silver,31
1924,SWE,Bronze,49
1924,SWE,Gold,6
1924,SWE,Silver,25
1924,TCH,Bronze,5
1924,TCH,Gold,1
1924,TCH,Silver,4
1924,URU,Gold,22
1924,USA,Bronze,51
1924,USA,Gold,110
1924,USA,Silver,37
1924,YUG,Gold,2
1928,ARG,Bronze,5
1928,ARG,Gold,3
1928,ARG,Silver,24
1928,AUS,Bronze,1
1928,AUS,Gold,1
1928,AUS,Silver,2
1928,AUT,Bronze,2
1928,AUT,Gold,2
1928,BEL,Bronze,4
1928,BEL,Silver,1
1928,CAN,Bronze,21
1928,CAN,Gold,7
1928,CAN,Silver,5
1928,CHI,Silver,1
1928,DEN,Bronze,3
1928,DEN,Gold,5
1928,DEN,Silver,5
1928,EGY,Bronze,1
1928,EGY,Gold,2
1928,EGY,Silver,1
1928,ESP,Gold,3
1928,EST,Bronze,6
1928,EST,Gold,2
1928,EST,Silver,1
1928,FIN,Bronze,9
1928,FIN,Gold,8
1928,FIN,Silver,8
1928,FRA,Bronze,13
1928,FRA,Gold,7
1928,FRA,Silver,16
1928,GBR,Bronze,24
1928,GBR,Gold,6
1928,GBR,Silver,25
1928,GER,Bronze,39
1928,GER,Gold,20
1928,GER,Silver,13
1928,HAI,Silver,1
1928,HUN,Gold,9
1928,HUN,Silver,11
1928,IND,Gold,15
1928,IRL,Gold,1
1928,ITA,Bronze,31
1928,ITA,Gold,18
1928,ITA,Silver,21
1928,JPN,Bronze,1
1928,JPN,Gold,2
1928,JPN,Silver,5
1928,NED,Bronze,6
1928,NED,Gold,20
1928,NED,Silver,39
1928,NOR,Bronze,1
1928,NOR,Gold,4
1928,NOR,Silver,4
1928,NZL,Gold,1
1928,PHI,Bronze,1
1928,POL,Bronze,14
1928,POL,Gold,1
1928,POL,Silver,3
1928,RSA,Bronze,5
1928,RSA,Gold,1
1928,SUI,Bronze,5
1928,SUI,Gold,16
1928,SUI,Silver,8
1928,SWE,Bronze,21
1928,SWE,Gold,7
1928,SWE,Silver,8
1928,TCH,Bronze,2
1928,TCH,Gold,2
1928,TCH,Silver,12
1928,URU,Gold,22
1928,USA,Bronze,17
1928,USA,Gold,43
1928,USA,Silver,24
1928,YUG,Bronze,10
1928,YUG,Gold,1
1928,YUG,Silver,1
1932,ARG,Gold,3
1932,ARG,Silver,1
1932,AUS,Bronze,1
1932,AUS,Gold,3
1932,AUS,Silver,1
1932,AUT,Bronze,3
1932,AUT,Gold,1
1932,AUT,Silver,1
1932,CAN,Bronze,23
1932,CAN,Gold,2
1932,CAN,Silver,13
1932,DEN,Bronze,4
1932,DEN,Silver,5
1932,ESP,Bronze,1
1932,FIN,Bronze,16
1932,FIN,Gold,5
1932,FIN,Silver,8
1932,FRA,Bronze,6
1932,FRA,Gold,23
1932,FRA,Silver,8
1932,GBR,Bronze,14
1932,GBR,Gold,8
1932,GBR,Silver,12
1932,GER,Bronze,5
1932,GER,Gold,7
1932,GER,Silver,26
1932,HUN,Bronze,8
1932,HUN,Gold,20
1932,HUN,Silver,4
1932,IND,Gold,11
1932,IRL,Gold,2
1932,ITA,Bronze,18
1932,ITA,Gold,21
1932,ITA,Silver,38
1932,JPN,Bronze,4
1932,JPN,Gold,10
1932,JPN,Silver,17
1932,LAT,Silver,1
1932,MEX,Silver,2
1932,NED,Gold,2
1932,NED,Silver,10
1932,NZL,Silver,2
1932,PHI,Bronze,3
1932,POL,Bronze,14
1932,POL,Gold,2
1932,POL,Silver,3
1932,RSA,Bronze,3
1932,RSA,Gold,2
1932,SUI,Silver,1
1932,SWE,Bronze,12
1932,SWE,Gold,12
1932,SWE,Silver,7
1932,TCH,Bronze,1
1932,TCH,Gold,1
1932,TCH,Silver,2
1932,URU,Bronze,1
1932,USA,Bronze,59
1932,USA,Gold,78
1932,USA,Silver,44
1936,ARG,Bronze,4
1936,ARG,Gold,5
1936,ARG,Silver,2
1936,AUS,Bronze,1
1936,AUT,Bronze,4
1936,AUT,Gold,5
1936,AUT,Silver,41
1936,BEL,Bronze,12
1936,CAN,Bronze,9
1936,CAN,Gold,1
1936,CAN,Silver,12
1936,DEN,Bronze,3
1936,DEN,Silver,3
1936,EGY,Bronze,2
1936,EGY,Gold,2
1936,EGY,Silver,1
1936,EST,Bronze,3
1936,EST,Gold,2
1936,EST,Silver,2
1936,FIN,Bronze,13
1936,FIN,Gold,7
1936,FIN,Silver,6
1936,FRA,Bronze,18
1936,FRA,Gold,12
1936,FRA,Silver,13
1936,GBR,Bronze,8
1936,GBR,Gold,12
1936,GBR,Silver,16
1936,GER,Bronze,59
1936,GER,Gold,88
1936,GER,Silver,63
1936,HUN,Bronze,16
1936,HUN,Gold,25
1936,HUN,Silver,1
1936,IND,Gold,19
1936,ITA,Bronze,5
1936,ITA,Gold,36
1936,ITA,Silver,30
1936,JPN,Bronze,8
1936,JPN,Gold,9
1936,JPN,Silver,4
1936,LAT,Bronze,1
1936,LAT,Silver,1
1936,MEX,Bronze,16
1936,NED,Bronze,21
1936,NED,Gold,9
1936,NED,Silver,7
1936,NOR,Bronze,15
1936,NOR,Gold,1
1936,NOR,Silver,12
1936,NZL,Gold,1
1936,PHI,Bronze,1
1936,POL,Bronze,4
1936,POL,Silver,5
1936,POR,Bronze,3
1936,ROU,Silver,2
1936,RSA,Silver,1
1936,SUI,Bronze,24
1936,SUI,Gold,1
1936,SUI,Silver,22
1936,SWE,Bronze,16
1936,SWE,Gold,7
1936,SWE,Silver,11
1936,TCH,Gold,5
1936,TCH,Silver,12
1936,TUR,Bronze,1
1936,TUR,Gold,1
1936,USA,Bronze,15
1936,USA,Gold,51
1936,USA,Silver,26
1936,YUG,Silver,1
1948,ARG,Bronze,1
1948,ARG,Gold,3
1948,ARG,Silver,8
1948,AUS,Bronze,5
1948,AUS,Gold,2
1948,AUS,Silver,9
1948,AUT,Bronze,3
1948,AUT,Gold,1
1948,BEL,Bronze,8
1948,BEL,Gold,4
1948,BEL,Silver,2
1948,BRA,Bronze,12
1948,CAN,Bronze,5
1948,CAN,Silver,1
1948,CUB,Silver,2
1948,DEN,Bronze,27
1948,DEN,Gold,7
1948,DEN,Silver,15
1948,EGY,Bronze,1
1948,EGY,Gold,2
1948,EGY,Silver,2
1948,ESP,Silver,3
1948,FIN,Bronze,7
1948,FIN,Gold,15
1948,FIN,Silver,7
1948,FRA,Bronze,21
1948,FRA,Gold,25
1948,FRA,Silver,22
1948,GBR,Bronze,11
1948,GBR,Gold,6
1948,GBR,Silver,39
1948,HUN,Bronze,21
1948,HUN,Gold,15
1948,HUN,Silver,24
1948,IND,Gold,20
1948,IRI,Bronze,1
1948,ITA,Bronze,12
1948,ITA,Gold,20
1948,ITA,Silver,31
1948,JAM,Gold,1
1948,JAM,Silver,2
1948,KOR,Bronze,2
1948,MEX,Bronze,4
1948,MEX,Gold,4
1948,MEX,Silver,1
1948,NED,Bronze,32
1948,NED,Gold,8
1948,NED,Silver,2
1948,NOR,Bronze,11
1948,NOR,Gold,3
1948,NOR,Silver,4
1948,PAN,Bronze,2
1948,PER,Gold,1
1948,POL,Bronze,1
1948,POR,Bronze,3
1948,POR,Silver,2
1948,PUR,Bronze,1
1948,RSA,Bronze,1
1948,RSA,Gold,2
1948,RSA,Silver,1
1948,SRI,Silver,1
1948,SUI,Bronze,5
1948,SUI,Gold,5
1948,SUI,Silver,22
1948,SWE,Bronze,29
1948,SWE,Gold,29
1948,SWE,Silver,15
1948,TCH,Bronze,3
1948,TCH,Gold,14
1948,TCH,Silver,3
1948,TRI,Silver,1
1948,TUR,Bronze,2
1948,TUR,Gold,6
1948,TUR,Silver,4
1948,URU,Bronze,2
1948,URU,Silver,1
1948,USA,Bronze,35
1948,USA,Gold,83
1948,USA,Silver,30
1948,YUG,Silver,16
1952,ARG,Bronze,2
1952,ARG,Gold,2
1952,ARG,Silver,2
1952,AUS,Bronze,11
1952,AUS,Gold,7
1952,AUS,Silver,2
1952,AUT,Bronze,2
1952,AUT,Silver,1
1952,BEL,Gold,4
1952,BEL,Silver,3
1952,BRA,Bronze,2
1952,BRA,Gold,1
1952,BUL,Bronze,1
1952,CAN,Gold,1
1952,CAN,Silver,3
1952,CHI,Silver,4
1952,DEN,Bronze,5
1952,DEN,Gold,3
1952,DEN,Silver,1
1952,EGY,Bronze,1
1952,ESP,Silver,1
1952,FIN,Bronze,29
1952,FIN,Gold,8
1952,FIN,Silver,3
1952,FRA,Bronze,16
1952,FRA,Gold,14
1952,FRA,Silver,9
1952,GBR,Bronze,26
1952,GBR,Gold,3
1952,GBR,Silver,2
1952,GER,Bronze,26
1952,GER,Silver,14
1952,HUN,Bronze,32
1952,HUN,Gold,52
1952,HUN,Silver,17
1952,IND,Bronze,1
1952,IND,Gold,14
1952,IRI,Bronze,4
1952,IRI,Silver,3
1952,IRL,Silver,1
1952,ITA,Bronze,15
1952,ITA,Gold,17
1952,ITA,Silver,21
1952,JAM,Gold,5
1952,JAM,Silver,3
1952,JPN,Bronze,2
1952,JPN,Gold,1
1952,JPN,Silver,9
1952,KOR,Bronze,2
1952,LIB,Bronze,1
1952,LIB,Silver,1
1952,LUX,Gold,1
1952,MEX,Silver,1
1952,NED,Silver,18
1952,NOR,Gold,5
1952,NOR,Silver,8
1952,NZL,Bronze,2
1952,NZL,Gold,1
1952,POL,Bronze,1
1952,POL,Gold,1
1952,POL,Silver,2
1952,POR,Bronze,2
1952,ROU,Bronze,2
1952,ROU,Gold,1
1952,ROU,Silver,1
1952,RSA,Bronze,4
1952,RSA,Gold,2
1952,RSA,Silver,8
1952,SUI,Bronze,12
1952,SUI,Gold,2
1952,SUI,Silver,19
1952,SWE,Bronze,23
1952,SWE,Gold,23
1952,SWE,Silver,24
1952,TCH,Bronze,10
1952,TCH,Gold,11
1952,TCH,Silver,4
1952,TRI,Bronze,2
1952,TUR,Bronze,1
1952,TUR,Gold,2
1952,URS,Bronze,19
1952,URS,Gold,36
1952,URS,Silver,62
1952,URU,Bronze,14
1952,USA,Bronze,28
1952,USA,Gold,79
1952,USA,Silver,23
1952,VEN,Bronze,1
1952,YUG,Gold,4
1952,YUG,Silver,20
1956,ARG,Bronze,1
1956,ARG,Silver,1
1956,AUS,Bronze,26
1956,AUS,Gold,23
1956,AUS,Silver,12
1956,AUT,Bronze,4
1956,BAH,Bronze,2
1956,BEL,Silver,2
1956,BRA,Gold,1
1956,BUL,Bronze,14
1956,BUL,Gold,1
1956,BUL,Silver,3
1956,CAN,Bronze,5
1956,CAN,Gold,5
1956,CAN,Silver,9
1956,CHI,Bronze,2
1956,CHI,Silver,2
1956,DEN,Bronze,1
1956,DEN,Gold,1
1956,DEN,Silver,5
1956,EUA,Bronze,22
1956,EUA,Gold,12
1956,EUA,Silver,23
1956,FIN,Bronze,22
1956,FIN,Gold,3
1956,FIN,Silver,1
1956,FRA,Bronze,13
1956,FRA,Gold,6
1956,FRA,Silver,13
1956,GBR,Bronze,22
1956,GBR,Gold,8
1956,GBR,Silver,15
1956,GRE,Bronze,1
1956,HUN,Bronze,14
1956,HUN,Gold,30
1956,HUN,Silver,20
1956,IND,Gold,17
1956,IRI,Bronze,1
1956,IRI,Gold,2
1956,IRI,Silver,2
1956,IRL,Bronze,3
1956,IRL,Gold,1
1956,IRL,Silver,1
1956,ISL,Silver,1
1956,ITA,Bronze,10
1956,ITA,Gold,25
1956,ITA,Silver,11
1956,JPN,Bronze,5
1956,JPN,Gold,4
1956,JPN,Silver,15
1956,KOR,Bronze,1
1956,KOR,Silver,1
1956,MEX,Bronze,1
1956,MEX,Gold,1
1956,NOR,Bronze,2
1956,NOR,Gold,1
1956,NZL,Gold,3
1956,PAK,Silver,14
1956,POL,Bronze,9
1956,POL,Gold,1
1956,POL,Silver,9
1956,ROU,Bronze,10
1956,ROU,Gold,6
1956,ROU,Silver,3
1956,RSA,Bronze,7
1956,SUI,Bronze,3
1956,SWE,Bronze,6
1956,SWE,Gold,14
1956,SWE,Silver,14
1956,TCH,Bronze,1
1956,TCH,Gold,1
1956,TCH,Silver,5
1956,TUR,Bronze,2
1956,TUR,Gold,3
1956,TUR,Silver,2
1956,URS,Bronze,55
1956,URS,Gold,68
1956,URS,Silver,46
1956,URU,Bronze,12
1956,USA,Bronze,20
1956,USA,Gold,61
1956,USA,Silver,37
1956,YUG,Silver,23
1960,ARG,Bronze,1
1960,ARG,Silver,3
1960,AUS,Bronze,9
1960,AUS,Gold,10
1960,AUS,Silver,17
1960,AUT,Gold,1
1960,AUT,Silver,2
1960,BEL,Bronze,2
1960,BEL,Silver,2
1960,BRA,Bronze,13
1960,BUL,Bronze,3
1960,BUL,Gold,1
1960,BUL,Silver,3
1960,BWI,Bronze,5
1960,CAN,Silver,9
1960,DEN,Bronze,4
1960,DEN,Gold,2
1960,DEN,Silver,17
1960,EGY,Bronze,1
1960,EGY,Silver,1
1960,ESP,Bronze,14
1960,ETH,Gold,1
1960,EUA,Bronze,21
1960,EUA,Gold,34
1960,EUA,Silver,33
1960,FIN,Bronze,4
1960,FIN,Gold,1
1960,FIN,Silver,1
1960,FRA,Bronze,5
1960,FRA,Silver,6
1960,GBR,Bronze,15
1960,GBR,Gold,2
1960,GBR,Silver,11
1960,GHA,Silver,1
1960,GRE,Gold,3
1960,HUN,Bronze,36
1960,HUN,Gold,13
1960,HUN,Silver,16
1960,IND,Silver,13
1960,IRI,Bronze,3
1960,IRI,Silver,1
1960,IRQ,Bronze,1
1960,ITA,Bronze,34
1960,ITA,Gold,36
1960,ITA,Silver,18
1960,JPN,Bronze,10
1960,JPN,Gold,9
1960,JPN,Silver,10
1960,MAR,Silver,1
1960,MEX,Bronze,1
1960,NED,Bronze,2
1960,NED,Silver,1
1960,NOR,Gold,2
1960,NZL,Bronze,1
1960,NZL,Gold,2
1960,PAK,Bronze,1
1960,PAK,Gold,13
1960,POL,Bronze,15
1960,POL,Gold,4
1960,POL,Silver,11
1960,POR,Silver,2
1960,ROU,Bronze,11
1960,ROU,Gold,3
1960,ROU,Silver,1
1960,RSA,Bronze,2
1960,RSA,Silver,1
1960,SIN,Silver,1
1960,SUI,Bronze,6
1960,SUI,Silver,5
1960,SWE,Bronze,3
1960,SWE,Gold,2
1960,SWE,Silver,2
1960,TCH,Bronze,11
1960,TCH,Gold,4
1960,TCH,Silver,7
1960,TPE,Silver,1
1960,TUR,Gold,7
1960,TUR,Silver,2
1960,URS,Bronze,45
1960,URS,Gold,61
1960,URS,Silver,63
1960,USA,Bronze,21
1960,USA,Gold,68
1960,USA,Silver,23
1960,VEN,Bronze,1
1960,YUG,Gold,16
1960,YUG,Silver,1
1964,ARG,Silver,1
1964,AUS,Bronze,29
1964,AUS,Gold,8
1964,AUS,Silver,5
1964,BAH,Gold,2
1964,BEL,Bronze,1
1964,BEL,Gold,2
1964,BRA,Bronze,12
1964,BUL,Bronze,2
1964,BUL,Gold,3
1964,BUL,Silver,5
1964,CAN,Bronze,1
1964,CAN,Gold,2
1964,CAN,Silver,2
1964,CUB,Silver,1
1964,DEN,Bronze,4
1964,DEN,Gold,7
1964,DEN,Silver,1
1964,ETH,Gold,1
1964,EUA,Bronze,49
1964,EUA,Gold,22
1964,EUA,Silver,44
1964,FIN,Bronze,2
1964,FIN,Gold,3
1964,FRA,Bronze,17
1964,FRA,Gold,1
1964,FRA,Silver,13
1964,GBR,Bronze,5
1964,GBR,Gold,4
1964,GBR,Silver,19
1964,GHA,Bronze,1
1964,HUN,Bronze,7
1964,HUN,Gold,42
1964,HUN,Silver,7
1964,IND,Gold,15
1964,IRI,Bronze,2
1964,IRL,Bronze,1
1964,ITA,Bronze,9
1964,ITA,Gold,13
1964,ITA,Silver,28
1964,JPN,Bronze,27
1964,JPN,Gold,32
1964,JPN,Silver,5
1964,KEN,Bronze,1
1964,KOR,Bronze,1
1964,KOR,Silver,2
1964,MEX,Bronze,1
1964,NED,Bronze,16
1964,NED,Gold,5
1964,NED,Silver,9
1964,NGR,Bronze,1
1964,NZL,Bronze,2
1964,NZL,Gold,4
1964,PAK,Silver,16
1964,PHI,Silver,1
1964,POL,Bronze,25
1964,POL,Gold,10
1964,POL,Silver,13
1964,ROU,Bronze,10
1964,ROU,Gold,2
1964,ROU,Silver,4
1964,SUI,Bronze,1
1964,SUI,Gold,1
1964,SUI,Silver,4
1964,SWE,Bronze,8
1964,SWE,Gold,3
1964,SWE,Silver,4
1964,TCH,Bronze,12
1964,TCH,Gold,5
1964,TCH,Silver,38
1964,TRI,Bronze,5
1964,TRI,Silver,1
1964,TUN,Bronze,1
1964,TUN,Silver,1
1964,TUR,Bronze,1
1964,TUR,Gold,2
1964,TUR,Silver,3
1964,URS,Bronze,50
1964,URS,Gold,61
1964,URS,Silver,63
1964,URU,Bronze,1
1964,USA,Bronze,36
1964,USA,Gold,78
1964,USA,Silver,36
1964,YUG,Bronze,2
1964,YUG,Gold,2
1964,YUG,Silver,11
1968,ARG,Bronze,2
1968,AUS,Bronze,10
1968,AUS,Gold,5
1968,AUS,Silver,34
1968,AUT,Bronze,3
1968,AUT,Silver,2
1968,BEL,Bronze,2
1968,BEL,Silver,1
1968,BRA,Bronze,3
1968,BRA,Silver,1
1968,BUL,Bronze,3
1968,BUL,Gold,2
1968,BUL,Silver,21
1968,CAN,Bronze,4
1968,CAN,Gold,3
1968,CAN,Silver,3
1968,CMR,Silver,1
1968,CUB,Silver,10
1968,DEN,Bronze,6
1968,DEN,Gold,4
1968,DEN,Silver,6
1968,ETH,Gold,1
1968,ETH,Silver,1
1968,FIN,Bronze,1
1968,FIN,Gold,1
1968,FIN,Silver,2
1968,FRA,Bronze,10
1968,FRA,Gold,12
1968,FRA,Silver,5
1968,FRG,Bronze,18
1968,FRG,Gold,16
1968,FRG,Silver,15
1968,GBR,Bronze,5
1968,GBR,Gold,8
1968,GBR,Silver,5
1968,GDR,Bronze,19
1968,GDR,Gold,13
1968,GDR,Silver,19
1968,GRE,Bronze,1
1968,HUN,Bronze,29
1968,HUN,Gold,32
1968,HUN,Silver,20
1968,IND,Bronze,15
1968,IRI,Bronze,2
1968,IRI,Gold,2
1968,IRI,Silver,1
1968,ITA,Bronze,19
1968,ITA,Gold,5
1968,ITA,Silver,8
1968,JAM,Silver,1
1968,JPN,Bronze,22
1968,JPN,Gold,16
1968,JPN,Silver,29
1968,KEN,Bronze,2
1968,KEN,Gold,3
1968,KEN,Silver,7
1968,KOR,Bronze,1
1968,KOR,Silver,1
1968,MEX,Bronze,3
1968,MEX,Gold,3
1968,MEX,Silver,3
1968,MGL,Bronze,3
1968,MGL,Silver,1
1968,NED,Bronze,1
1968,NED,Gold,6
1968,NED,Silver,7
1968,NOR,Gold,4
1968,NOR,Silver,2
1968,NZL,Bronze,2
1968,NZL,Gold,5
1968,PAK,Gold,13
1968,POL,Bronze,30
1968,POL,Gold,5
1968,POL,Silver,2
1968,ROU,Bronze,9
1968,ROU,Gold,5
1968,ROU,Silver,9
1968,SUI,Bronze,10
1968,SUI,Silver,3
1968,SWE,Bronze,1
1968,SWE,Gold,4
1968,SWE,Silver,4
1968,TCH,Bronze,15
1968,TCH,Gold,7
1968,TCH,Silver,7
1968,TPE,Bronze,1
1968,TUN,Bronze,1
1968,TUN,Gold,1
1968,TUR,Gold,2
1968,UGA,Bronze,1
1968,UGA,Silver,1
1968,URS,Bronze,60
1968,URS,Gold,66
1968,URS,Silver,62
1968,USA,Bronze,35
1968,USA,Gold,83
1968,USA,Silver,31
1968,VEN,Gold,1
1968,YUG,Bronze,2
1968,YUG,Gold,13
1968,YUG,Silver,14
1972,ARG,Silver,1
1972,AUS,Bronze,2
1972,AUS,Gold,11
1972,AUS,Silver,7
1972,AUT,Bronze,2
1972,AUT,Silver,1
1972,BEL,Silver,2
1972,BRA,Bronze,2
1972,BUL,Bronze,6
1972,BUL,Gold,6
1972,BUL,Silver,10
1972,CAN,Bronze,8
1972,CAN,Silver,2
1972,COL,Bronze,2
1972,COL,Silver,1
1972,CUB,Bronze,18
1972,CUB,Gold,3
1972,CUB,Silver,1
1972,DEN,Gold,1
1972,ESP,Bronze,1
1972,ETH,Bronze,2
1972,FIN,Bronze,6
1972,FIN,Gold,3
1972,FIN,Silver,1
1972,FRA,Bronze,15
1972,FRA,Gold,2
1972,FRA,Silver,5
1972,FRG,Bronze,36
1972,FRG,Gold,43
1972,FRG,Silver,17
1972,GBR,Bronze,12
1972,GBR,Gold,8
1972,GBR,Silver,9
1972,GDR,Bronze,56
1972,GDR,Gold,30
1972,GDR,Silver,62
1972,GHA,Bronze,1
1972,GRE,Silver,2
1972,HUN,Bronze,25
1972,HUN,Gold,10
1972,HUN,Silver,46
1972,IND,Bronze,14
1972,IRI,Bronze,1
1972,IRI,Silver,2
1972,ITA,Bronze,13
1972,ITA,Gold,9
1972,ITA,Silver,3
1972,JAM,Bronze,1
1972,JPN,Bronze,8
1972,JPN,Gold,29
1972,JPN,Silver,19
1972,KEN,Bronze,4
1972,KEN,Gold,5
1972,KEN,Silver,3
1972,KOR,Silver,1
1972,LIB,Silver,1
1972,MEX,Silver,1
1972,MGL,Silver,1
1972,NED,Bronze,2
1972,NED,Gold,3
1972,NED,Silver,1
1972,NGR,Bronze,1
1972,NIG,Bronze,1
1972,NOR,Bronze,4
1972,NOR,Gold,2
1972,NOR,Silver,2
1972,NZL,Bronze,1
1972,NZL,Gold,9
1972,NZL,Silver,4
1972,PAK,Silver,15
1972,POL,Bronze,11
1972,POL,Gold,27
1972,POL,Silver,8
1972,PRK,Bronze,13
1972,PRK,Gold,1
1972,PRK,Silver,1
1972,ROU,Bronze,27
1972,ROU,Gold,3
1972,ROU,Silver,10
1972,SUI,Silver,8
1972,SWE,Bronze,8
1972,SWE,Gold,4
1972,SWE,Silver,9
1972,TCH,Bronze,6
1972,TCH,Gold,2
1972,TCH,Silver,21
1972,TUN,Silver,1
1972,TUR,Silver,1
1972,UGA,Gold,1
1972,UGA,Silver,1
1972,URS,Bronze,58
1972,URS,Gold,107
1972,URS,Silver,46
1972,USA,Bronze,43
1972,USA,Gold,53
1972,USA,Silver,59
1972,YUG,Bronze,2
1972,YUG,Gold,15
1972,YUG,Silver,1
1976,AUS,Bronze,8
1976,AUS,Silver,16
1976,AUT,Bronze,1
1976,BEL,Bronze,6
1976,BEL,Silver,3
1976,BER,Bronze,1
1976,BRA,Bronze,3
1976,BUL,Bronze,18
1976,BUL,Gold,8
1976,BUL,Silver,13
1976,CAN,Bronze,12
1976,CAN,Silver,8
1976,CUB,Bronze,14
1976,CUB,Gold,6
1976,CUB,Silver,4
1976,DEN,Bronze,5
1976,DEN,Gold,3
1976,ESP,Silver,6
1976,FIN,Gold,4
1976,FIN,Silver,2
1976,FRA,Bronze,8
1976,FRA,Gold,5
1976,FRA,Silver,7
1976,FRG,Bronze,30
1976,FRG,Gold,21
1976,FRG,Silver,24
1976,GBR,Bronze,11
1976,GBR,Gold,6
1976,GBR,Silver,15
1976,GDR,Bronze,42
1976,GDR,Gold,99
1976,GDR,Silver,51
1976,HUN,Bronze,35
1976,HUN,Gold,14
1976,HUN,Silver,6
1976,IRI,Bronze,1
1976,IRI,Silver,1
1976,ITA,Bronze,4
1976,ITA,Gold,2
1976,ITA,Silver,25
1976,JAM,Gold,1
1976,JAM,Silver,1
1976,JPN,Bronze,10
1976,JPN,Gold,25
1976,JPN,Silver,6
1976,KOR,Bronze,15
1976,KOR,Gold,1
1976,KOR,Silver,1
1976,MEX,Bronze,1
1976,MEX,Gold,1
1976,MGL,Silver,1
1976,NED,Bronze,13
1976,NED,Silver,2
1976,NOR,Gold,2
1976,NOR,Silver,4
1976,NZL,Bronze,9
1976,NZL,Gold,17
1976,NZL,Silver,1
1976,PAK,Bronze,16
1976,POL,Bronze,26
1976,POL,Gold,18
1976,POL,Silver,29
1976,POR,Silver,2
1976,PRK,Gold,1
1976,PRK,Silver,1
1976,PUR,Bronze,1
1976,ROU,Bronze,23
1976,ROU,Gold,4
1976,ROU,Silver,28
1976,SUI,Bronze,6
1976,SUI,Gold,1
1976,SUI,Silver,3
1976,SWE,Gold,9
1976,SWE,Silver,1
1976,TCH,Bronze,9
1976,TCH,Gold,2
1976,TCH,Silver,4
1976,THA,Bronze,1
1976,TRI,Gold,1
1976,URS,Bronze,79
1976,URS,Gold,113
1976,URS,Silver,93
1976,USA,Bronze,36
1976,USA,Gold,63
1976,USA,Silver,56
1976,VEN,Silver,1
1976,YUG,Bronze,3
1976,YUG,Gold,2
1976,YUG,Silver,14
1980,AUS,Bronze,5
1980,AUS,Gold,5
1980,AUS,Silver,2
1980,AUT,Bronze,1
1980,AUT,Gold,1
1980,AUT,Silver,3
1980,BEL,Gold,1
1980,BRA,Bronze,5
1980,BRA,Gold,4
1980,BUL,Bronze,40
1980,BUL,Gold,8
1980,BUL,Silver,46
1980,CUB,Bronze,5
1980,CUB,Gold,8
1980,CUB,Silver,7
1980,DEN,Bronze,2
1980,DEN,Gold,4
1980,DEN,Silver,2
1980,ESP,Bronze,3
1980,ESP,Gold,2
1980,ESP,Silver,19
1980,ETH,Bronze,2
1980,ETH,Gold,2
1980,FIN,Bronze,5
1980,FIN,Gold,3
1980,FIN,Silver,1
1980,FRA,Bronze,6
1980,FRA,Gold,18
1980,FRA,Silver,5
1980,GBR,Bronze,22
1980,GBR,Gold,5
1980,GBR,Silver,18
1980,GDR,Bronze,61
1980,GDR,Gold,112
1980,GDR,Silver,87
1980,GRE,Bronze,4
1980,GRE,Gold,1
1980,GUY,Bronze,1
1980,HUN,Bronze,40
1980,HUN,Gold,8
1980,HUN,Silver,13
1980,IND,Gold,16
1980,IRL,Bronze,1
1980,IRL,Silver,2
1980,ITA,Bronze,8
1980,ITA,Gold,8
1980,ITA,Silver,21
1980,JAM,Bronze,3
1980,LIB,Bronze,1
1980,MEX,Bronze,11
1980,MEX,Silver,1
1980,MGL,Bronze,2
1980,MGL,Silver,2
1980,NED,Bronze,5
1980,NED,Silver,1
1980,POL,Bronze,22
1980,POL,Gold,3
1980,POL,Silver,25
1980,PRK,Bronze,2
1980,PRK,Silver,3
1980,ROU,Bronze,50
1980,ROU,Gold,7
1980,ROU,Silver,15
1980,SUI,Gold,2
1980,SWE,Bronze,9
1980,SWE,Gold,3
1980,SWE,Silver,6
1980,TAN,Silver,2
1980,TCH,Bronze,16
1980,TCH,Gold,18
1980,TCH,Silver,18
1980,UGA,Silver,1
1980,URS,Bronze,123
1980,URS,Gold,192
1980,URS,Silver,127
1980,VEN,Silver,1
1980,YUG,Bronze,17
1980,YUG,Gold,13
1980,YUG,Silver,27
1980,ZIM,Gold,16
1984,ALG,Bronze,2
1984,AUS,Bronze,29
1984,AUS,Gold,7
1984,AUS,Silver,14
1984,AUT,Bronze,1
1984,AUT,Gold,1
1984,AUT,Silver,1
1984,BEL,Bronze,2
1984,BEL,Gold,1
1984,BEL,Silver,2
1984,BRA,Bronze,2
1984,BRA,Gold,1
1984,BRA,Silver,34
1984,CAN,Bronze,32
1984,CAN,Gold,19
1984,CAN,Silver,35
1984,CHN,Bronze,37
1984,CHN,Gold,26
1984,CHN,Silver,13
1984,CIV,Silver,1
1984,CMR,Bronze,1
1984,COL,Silver,1
1984,DEN,Bronze,10
1984,DEN,Silver,5
1984,DOM,Bronze,1
1984,EGY,Silver,1
1984,ESP,Bronze,3
1984,ESP,Gold,2
1984,ESP,Silver,14
1984,FIN,Bronze,6
1984,FIN,Gold,4
1984,FIN,Silver,2
1984,FRA,Bronze,31
1984,FRA,Gold,21
1984,FRA,Silver,16
1984,FRG,Bronze,52
1984,FRG,Gold,31
1984,FRG,Silver,74
1984,GBR,Bronze,43
1984,GBR,Gold,9
1984,GBR,Silver,20
1984,GRE,Bronze,1
1984,GRE,Silver,1
1984,IRL,Silver,1
1984,ISL,Bronze,1
1984,ITA,Bronze,28
1984,ITA,Gold,29
1984,ITA,Silver,6
1984,JAM,Bronze,2
1984,JAM,Silver,4
1984,JPN,Bronze,31
1984,JPN,Gold,10
1984,JPN,Silver,8
1984,KEN,Bronze,2
1984,KEN,Gold,1
1984,KOR,Bronze,7
1984,KOR,Gold,6
1984,KOR,Silver,29
1984,MAR,Gold,2
1984,MEX,Bronze,1
1984,MEX,Gold,2
1984,MEX,Silver,3
1984,NED,Bronze,14
1984,NED,Gold,20
1984,NED,Silver,6
1984,NGR,Bronze,4
1984,NGR,Silver,1
1984,NOR,Bronze,3
1984,NOR,Silver,1
1984,NZL,Bronze,6
1984,NZL,Gold,16
1984,NZL,Silver,1
1984,PAK,Gold,16
1984,PER,Silver,1
1984,POR,Bronze,2
1984,POR,Gold,1
1984,PUR,Bronze,1
1984,PUR,Silver,1
1984,ROU,Bronze,35
1984,ROU,Gold,40
1984,ROU,Silver,31
1984,SUI,Bronze,6
1984,SUI,Silver,9
1984,SWE,Bronze,11
1984,SWE,Gold,3
1984,SWE,Silver,18
1984,SYR,Silver,1
1984,THA,Silver,1
1984,TPE,Bronze,1
1984,TUR,Bronze,3
1984,USA,Bronze,50
1984,USA,Gold,168
1984,USA,Silver,115
1984,VEN,Bronze,3
1984,YUG,Bronze,35
1984,YUG,Gold,47
1984,YUG,Silver,5
1984,ZAM,Bronze,1
1988,AHO,Silver,1
1988,ARG,Bronze,12
1988,ARG,Silver,1
1988,AUS,Bronze,10
1988,AUS,Gold,18
1988,AUS,Silver,6
1988,AUT,Gold,1
1988,BEL,Bronze,2
1988,BRA,Bronze,5
1988,BRA,Gold,1
1988,BRA,Silver,22
1988,BUL,Bronze,17
1988,BUL,Gold,10
1988,BUL,Silver,14
1988,CAN,Bronze,12
1988,CAN,Gold,4
1988,CAN,Silver,5
1988,CHI,Silver,1
1988,CHN,Bronze,31
1988,CHN,Gold,6
1988,CHN,Silver,16
1988,COL,Bronze,1
1988,CRC,Silver,1
1988,DEN,Bronze,3
1988,DEN,Gold,3
1988,DEN,Silver,1
1988,DJI,Bronze,1
1988,ESP,Bronze,2
1988,ESP,Gold,1
1988,ESP,Silver,2
1988,FIN,Bronze,2
1988,FIN,Gold,1
1988,FIN,Silver,1
1988,FRA,Bronze,13
1988,FRA,Gold,12
1988,FRA,Silver,4
1988,FRG,Bronze,44
1988,FRG,Gold,32
1988,FRG,Silver,37
1988,GBR,Bronze,15
1988,GBR,Gold,22
1988,GBR,Silver,16
1988,GDR,Bronze,47
1988,GDR,Gold,75
1988,GDR,Silver,52
1988,GRE,Bronze,1
1988,HUN,Bronze,15
1988,HUN,Gold,20
1988,HUN,Silver,9
1988,INA,Silver,3
1988,IRI,Silver,1
1988,ISV,Silver,1
1988,ITA,Bronze,8
1988,ITA,Gold,11
1988,ITA,Silver,10
1988,JAM,Silver,5
1988,JPN,Bronze,13
1988,JPN,Gold,4
1988,JPN,Silver,3
1988,KEN,Bronze,2
1988,KEN,Gold,5
1988,KEN,Silver,2
1988,KOR,Bronze,12
1988,KOR,Gold,28
1988,KOR,Silver,37
1988,MAR,Bronze,2
1988,MAR,Gold,1
1988,MEX,Bronze,2
1988,MGL,Bronze,1
1988,NED,Bronze,36
1988,NED,Gold,3
1988,NED,Silver,5
1988,NOR,Gold,2
1988,NOR,Silver,21
1988,NZL,Bronze,16
1988,NZL,Gold,4
1988,NZL,Silver,4
1988,PAK,Bronze,1
1988,PER,Silver,12
1988,PHI,Bronze,1
1988,POL,Bronze,10
1988,POL,Gold,2
1988,POL,Silver,9
1988,POR,Gold,1
1988,ROU,Bronze,13
1988,ROU,Gold,8
1988,ROU,Silver,30
1988,SEN,Silver,1
1988,SUI,Bronze,2
1988,SUI,Silver,6
1988,SUR,Gold,1
1988,SWE,Bronze,11
1988,SWE,Silver,5
1988,TCH,Bronze,3
1988,TCH,Gold,3
1988,TCH,Silver,4
1988,THA,Bronze,1
1988,TUR,Gold,1
1988,TUR,Silver,1
1988,URS,Bronze,95
1988,URS,Gold,134
1988,URS,Silver,65
1988,USA,Bronze,52
1988,USA,Gold,77
1988,USA,Silver,64
1988,YUG,Bronze,21
1988,YUG,Gold,15
1988,YUG,Silver,27
1992,ALG,Bronze,1
1992,ALG,Gold,1
1992,ARG,Bronze,2
1992,AUS,Bronze,16
1992,AUS,Gold,14
1992,AUS,Silver,27
1992,AUT,Silver,6
1992,BAH,Bronze,1
1992,BEL,Bronze,2
1992,BEL,Silver,1
1992,BRA,Gold,13
1992,BRA,Silver,1
1992,BUL,Bronze,7
1992,BUL,Gold,3
1992,BUL,Silver,7
1992,CAN,Bronze,12
1992,CAN,Gold,27
1992,CAN,Silver,5
1992,CHN,Bronze,19
1992,CHN,Gold,18
1992,CHN,Silver,46
1992,COL,Bronze,1
1992,CRO,Bronze,3
1992,CRO,Silver,12
1992,CUB,Bronze,14
1992,CUB,Gold,44
1992,CUB,Silver,13
1992,DEN,Bronze,9
1992,DEN,Gold,3
1992,DEN,Silver,2
1992,ESP,Bronze,2
1992,ESP,Gold,44
1992,ESP,Silver,20
1992,EST,Bronze,2
1992,EST,Gold,1
1992,ETH,Bronze,2
1992,ETH,Gold,1
1992,EUN,Bronze,66
1992,EUN,Gold,92
1992,EUN,Silver,65
1992,FIN,Bronze,2
1992,FIN,Gold,1
1992,FIN,Silver,4
1992,FRA,Bronze,43
1992,FRA,Gold,9
1992,FRA,Silver,5
1992,GBR,Bronze,39
1992,GBR,Gold,8
1992,GBR,Silver,3
1992,GER,Bronze,60
1992,GER,Gold,81
1992,GER,Silver,57
1992,GHA,Bronze,13
1992,GRE,Gold,2
1992,HUN,Bronze,8
1992,HUN,Gold,14
1992,HUN,Silver,23
1992,INA,Bronze,1
1992,INA,Gold,2
1992,INA,Silver,3
1992,IOP,Bronze,2
1992,IOP,Silver,1
1992,IRI,Bronze,2
1992,IRI,Silver,1
1992,IRL,Gold,1
1992,IRL,Silver,1
1992,ISR,Bronze,1
1992,ISR,Silver,1
1992,ITA,Bronze,14
1992,ITA,Gold,22
1992,ITA,Silver,10
1992,JAM,Bronze,1
1992,JAM,Silver,3
1992,JPN,Bronze,36
1992,JPN,Gold,3
1992,JPN,Silver,8
1992,KEN,Bronze,2
1992,KEN,Gold,2
1992,KEN,Silver,4
1992,KOR,Bronze,16
1992,KOR,Gold,28
1992,KOR,Silver,5
1992,LAT,Bronze,1
1992,LAT,Silver,2
1992,LTU,Bronze,12
1992,LTU,Gold,1
1992,MAR,Bronze,1
1992,MAR,Gold,1
1992,MAR,Silver,1
1992,MAS,Bronze,2
1992,MEX,Silver,1
1992,MGL,Bronze,2
1992,NAM,Silver,2
1992,NED,Bronze,8
1992,NED,Gold,5
1992,NED,Silver,20
1992,NGR,Bronze,4
1992,NGR,Silver,7
1992,NOR,Bronze,1
1992,NOR,Gold,2
1992,NOR,Silver,20
1992,NZL,Bronze,5
1992,NZL,Gold,1
1992,NZL,Silver,9
1992,PAK,Bronze,16
1992,PER,Silver,1
1992,PHI,Bronze,1
1992,POL,Bronze,19
1992,POL,Gold,5
1992,POL,Silver,18
1992,PRK,Bronze,6
1992,PRK,Gold,4
1992,PUR,Bronze,1
1992,QAT,Bronze,1
1992,ROU,Bronze,14
1992,ROU,Gold,8
1992,ROU,Silver,31
1992,RSA,Silver,3
1992,SLO,Bronze,6
1992,SUI,Gold,1
1992,SUR,Bronze,1
1992,SWE,Bronze,7
1992,SWE,Gold,1
1992,SWE,Silver,27
1992,TCH,Bronze,1
1992,TCH,Gold,4
1992,TCH,Silver,3
1992,THA,Bronze,1
1992,TPE,Silver,20
1992,TUR,Bronze,2
1992,TUR,Gold,2
1992,TUR,Silver,2
1992,USA,Bronze,85
1992,USA,Gold,89
1992,USA,Silver,50
1996,ALG,Bronze,1
1996,ALG,Gold,2
1996,ARG,Bronze,1
1996,ARG,Silver,19
1996,ARM,Gold,1
1996,ARM,Silver,1
1996,AUS,Bronze,84
1996,AUS,Gold,32
1996,AUS,Silver,16
1996,AUT,Bronze,2
1996,AUT,Silver,1
1996,AZE,Silver,1
1996,BAH,Silver,5
1996,BDI,Gold,1
1996,BEL,Bronze,2
1996,BEL,Gold,2
1996,BEL,Silver,2
1996,BLR,Bronze,16
1996,BLR,Gold,1
1996,BLR,Silver,6
1996,BRA,Bronze,44
1996,BRA,Gold,5
1996,BRA,Silver,15
1996,BUL,Bronze,6
1996,BUL,Gold,3
1996,BUL,Silver,12
1996,CAN,Bronze,12
1996,CAN,Gold,8
1996,CAN,Silver,31
1996,CHN,Bronze,17
1996,CHN,Gold,19
1996,CHN,Silver,74
1996,CRC,Gold,1
1996,CRO,Gold,16
1996,CRO,Silver,13
1996,CUB,Bronze,10
1996,CUB,Gold,39
1996,CUB,Silver,8
1996,CZE,Bronze,4
1996,CZE,Gold,4
1996,CZE,Silver,5
1996,DEN,Bronze,1
1996,DEN,Gold,22
1996,DEN,Silver,1
1996,ECU,Gold,1
1996,ESP,Bronze,22
1996,ESP,Gold,24
1996,ESP,Silver,21
1996,ETH,Bronze,1
1996,ETH,Gold,2
1996,FIN,Bronze,1
1996,FIN,Gold,1
1996,FIN,Silver,2
1996,FRA,Bronze,20
1996,FRA,Gold,21
1996,FRA,Silver,10
1996,GBR,Bronze,9
1996,GBR,Gold,2
1996,GBR,Silver,15
1996,GEO,Bronze,2
1996,GER,Bronze,47
1996,GER,Gold,42
1996,GER,Silver,35
1996,GRE,Gold,4
1996,GRE,Silver,4
1996,HKG,Gold,1
1996,HUN,Bronze,26
1996,HUN,Gold,8
1996,HUN,Silver,9
1996,INA,Bronze,3
1996,INA,Gold,2
1996,INA,Silver,1
1996,IND,Bronze,1
1996,IRI,Bronze,1
1996,IRI,Gold,1
1996,IRI,Silver,1
1996,IRL,Bronze,1
1996,IRL,Gold,3
1996,ISR,Bronze,1
1996,ITA,Bronze,28
1996,ITA,Gold,19
1996,ITA,Silver,24
1996,JAM,Bronze,12
1996,JAM,Gold,1
1996,JAM,Silver,3
1996,JPN,Bronze,14
1996,JPN,Gold,3
1996,JPN,Silver,26
1996,KAZ,Bronze,4
1996,KAZ,Gold,3
1996,KAZ,Silver,4
1996,KEN,Bronze,3
1996,KEN,Gold,1
1996,KEN,Silver,4
1996,KOR,Bronze,7
1996,KOR,Gold,10
1996,KOR,Silver,49
1996,LAT,Silver,1
1996,LTU,Bronze,12
1996,MAR,Bronze,2
1996,MAS,Bronze,1
1996,MAS,Silver,2
1996,MDA,Bronze,1
1996,MDA,Silver,2
1996,MEX,Bronze,1
1996,MGL,Bronze,1
1996,MOZ,Bronze,1
1996,NAM,Silver,2
1996,NED,Bronze,26
1996,NED,Gold,38
1996,NED,Silver,9
1996,NGR,Bronze,3
1996,NGR,Gold,19
1996,NGR,Silver,4
1996,NOR,Bronze,20
1996,NOR,Gold,2
1996,NOR,Silver,3
1996,NZL,Bronze,4
1996,NZL,Gold,3
1996,NZL,Silver,2
1996,PHI,Silver,1
1996,POL,Bronze,7
1996,POL,Gold,7
1996,POL,Silver,7
1996,POR,Bronze,2
1996,POR,Gold,1
1996,PRK,Bronze,2
1996,PRK,Gold,2
1996,PRK,Silver,1
1996,PUR,Bronze,1
1996,ROU,Bronze,15
1996,ROU,Gold,13
1996,ROU,Silver,10
1996,RSA,Bronze,1
1996,RSA,Gold,3
1996,RSA,Silver,1
1996,RUS,Bronze,34
1996,RUS,Gold,36
1996,RUS,Silver,45
1996,SLO,Silver,2
1996,SUI,Gold,5
1996,SUI,Silver,6
1996,SVK,Bronze,1
1996,SVK,Gold,1
1996,SVK,Silver,1
1996,SWE,Bronze,5
1996,SWE,Gold,3
1996,SWE,Silver,23
1996,SYR,Gold,1
1996,TGA,Silver,1
1996,THA,Bronze,1
1996,THA,Gold,1
1996,TPE,Silver,1
1996,TRI,Bronze,2
1996,TUN,Bronze,1
1996,TUR,Bronze,1
1996,TUR,Gold,4
1996,TUR,Silver,1
1996,UGA,Bronze,1
1996,UKR,Bronze,19
1996,UKR,Gold,10
1996,UKR,Silver,5
1996,USA,Bronze,52
1996,USA,Gold,160
1996,USA,Silver,48
1996,UZB,Bronze,1
1996,UZB,Silver,1
1996,YUG,Bronze,13
1996,YUG,Gold,1
1996,YUG,Silver,12
1996,ZAM,Silver,1
2000,ALG,Bronze,3
2000,ALG,Gold,1
2000,ALG,Silver,1
2000,ARG,Bronze,3
2000,ARG,Silver,17
2000,ARM,Bronze,1
2000,AUS,Bronze,54
2000,AUS,Gold,60
2000,AUS,Silver,69
2000,AUT,Gold,3
2000,AUT,Silver,1
2000,AZE,Bronze,1
2000,AZE,Gold,2
2000,BAH,Gold,6
2000,BAR,Bronze,1
2000,BEL,Bronze,4
2000,BEL,Silver,3
2000,BLR,Bronze,11
2000,BLR,Gold,3
2000,BLR,Silver,8
2000,BRA,Bronze,36
2000,BRA,Silver,12
2000,BUL,Bronze,2
2000,BUL,Gold,5
2000,BUL,Silver,6
2000,CAN,Bronze,23
2000,CAN,Gold,4
2000,CAN,Silver,4
2000,CHI,Bronze,18
2000,CHN,Bronze,17
2000,CHN,Gold,39
2000,CHN,Silver,23
2000,CMR,Gold,18
2000,COL,Gold,1
2000,CRC,Bronze,2
2000,CRO,Bronze,9
2000,CRO,Gold,1
2000,CUB,Bronze,12
2000,CUB,Gold,22
2000,CUB,Silver,35
2000,CZE,Bronze,4
2000,CZE,Gold,2
2000,CZE,Silver,3
2000,DEN,Bronze,4
2000,DEN,Gold,18
2000,DEN,Silver,3
2000,ESP,Bronze,20
2000,ESP,Gold,3
2000,ESP,Silver,20
2000,EST,Bronze,2
2000,EST,Gold,1
2000,ETH,Bronze,3
2000,ETH,Gold,4
2000,ETH,Silver,1
2000,FIN,Bronze,1
2000,FIN,Gold,3
2000,FIN,Silver,1
2000,FRA,Bronze,14
2000,FRA,Gold,22
2000,FRA,Silver,30
2000,GBR,Bronze,13
2000,GBR,Gold,22
2000,GBR,Silver,20
2000,GEO,Bronze,6
2000,GER,Bronze,65
2000,GER,Gold,31
2000,GER,Silver,23
2000,GRE,Bronze,8
2000,GRE,Gold,4
2000,GRE,Silver,6
2000,HUN,Bronze,4
2000,HUN,Gold,25
2000,HUN,Silver,24
2000,INA,Bronze,2
2000,INA,Gold,2
2000,INA,Silver,4
2000,IND,Bronze,1
2000,IRI,Bronze,1
2000,IRI,Gold,3
2000,IRL,Silver,1
2000,ISL,Bronze,1
2000,ISR,Bronze,1
2000,ITA,Bronze,29
2000,ITA,Gold,22
2000,ITA,Silver,14
2000,JAM,Bronze,9
2000,JAM,Silver,14
2000,JPN,Bronze,8
2000,JPN,Gold,5
2000,JPN,Silver,30
2000,KAZ,Gold,3
2000,KAZ,Silver,4
2000,KEN,Bronze,2
2000,KEN,Gold,2
2000,KEN,Silver,3
2000,KGZ,Bronze,1
2000,KOR,Bronze,35
2000,KOR,Gold,12
2000,KOR,Silver,26
2000,KSA,Bronze,1
2000,KSA,Silver,1
2000,KUW,Bronze,1
2000,LAT,Bronze,1
2000,LAT,Gold,1
2000,LAT,Silver,1
2000,LTU,Bronze,15
2000,LTU,Gold,2
2000,MAR,Bronze,4
2000,MAR,Silver,1
2000,MDA,Bronze,1
2000,MDA,Silver,1
2000,MEX,Bronze,3
2000,MEX,Gold,1
2000,MEX,Silver,2
2000,MKD,Bronze,1
2000,MOZ,Gold,1
2000,NED,Bronze,23
2000,NED,Gold,27
2000,NED,Silver,29
2000,NGR,Silver,8
2000,NOR,Bronze,19
2000,NOR,Gold,21
2000,NOR,Silver,4
2000,NZL,Bronze,3
2000,NZL,Gold,1
2000,POL,Bronze,7
2000,POL,Gold,7
2000,POL,Silver,10
2000,POR,Bronze,2
2000,PRK,Bronze,3
2000,PRK,Silver,1
2000,QAT,Bronze,1
2000,ROU,Bronze,13
2000,ROU,Gold,27
2000,ROU,Silver,6
2000,RSA,Bronze,3
2000,RSA,Silver,2
2000,RUS,Bronze,54
2000,RUS,Gold,66
2000,RUS,Silver,68
2000,SLO,Gold,3
2000,SRI,Silver,1
2000,SUI,Bronze,2
2000,SUI,Gold,1
2000,SUI,Silver,11
2000,SVK,Bronze,1
2000,SVK,Gold,2
2000,SVK,Silver,3
2000,SWE,Bronze,8
2000,SWE,Gold,4
2000,SWE,Silver,20
2000,THA,Bronze,2
2000,THA,Gold,1
2000,TPE,Bronze,4
2000,TPE,Silver,1
2000,TRI,Bronze,1
2000,TRI,Silver,1
2000,TUR,Bronze,2
2000,TUR,Gold,3
2000,UKR,Bronze,12
2000,UKR,Gold,3
2000,UKR,Silver,20
2000,URU,Silver,1
2000,USA,Bronze,52
2000,USA,Gold,130
2000,USA,Silver,66
2000,UZB,Bronze,2
2000,UZB,Gold,1
2000,UZB,Silver,1
2000,VIE,Silver,1
2000,YUG,Bronze,13
2000,YUG,Gold,12
2000,YUG,Silver,1
2004,ARG,Bronze,21
2004,ARG,Gold,26
2004,AUS,Bronze,30
2004,AUS,Gold,49
2004,AUS,Silver,78
2004,AUT,Bronze,1
2004,AUT,Gold,3
2004,AUT,Silver,4
2004,AZE,Bronze,4
2004,AZE,Gold,1
2004,BAH,Bronze,1
2004,BAH,Gold,1
2004,BEL,Bronze,2
2004,BEL,Gold,1
2004,BLR,Bronze,9
2004,BLR,Gold,2
2004,BLR,Silver,6
2004,BRA,Bronze,3
2004,BRA,Gold,18
2004,BRA,Silver,19
2004,BUL,Bronze,14
2004,BUL,Gold,2
2004,BUL,Silver,1
2004,CAN,Bronze,4
2004,CAN,Gold,3
2004,CAN,Silver,10
2004,CHI,Bronze,1
2004,CHI,Gold,3
2004,CHN,Bronze,15
2004,CHN,Gold,52
2004,CHN,Silver,27
2004,CMR,Gold,1
2004,COL,Bronze,2
2004,CRO,Bronze,3
2004,CRO,Gold,14
2004,CRO,Silver,3
2004,CUB,Bronze,22
2004,CUB,Gold,31
2004,CUB,Silver,8
2004,CZE,Bronze,5
2004,CZE,Gold,1
2004,CZE,Silver,6
2004,DEN,Bronze,10
2004,DEN,Gold,19
2004,DOM,Gold,1
2004,EGY,Bronze,3
2004,EGY,Gold,1
2004,EGY,Silver,1
2004,ERI,Bronze,1
2004,ESP,Bronze,8
2004,ESP,Gold,4
2004,ESP,Silver,15
2004,EST,Bronze,2
2004,EST,Silver,1
2004,ETH,Bronze,2
2004,ETH,Gold,2
2004,ETH,Silver,3
2004,FIN,Silver,2
2004,FRA,Bronze,22
2004,FRA,Gold,21
2004,FRA,Silver,10
2004,GBR,Bronze,15
2004,GBR,Gold,17
2004,GBR,Silver,25
2004,GEO,Gold,2
2004,GEO,Silver,2
2004,GER,Bronze,63
2004,GER,Gold,41
2004,GER,Silver,45
2004,GRE,Bronze,5
2004,GRE,Gold,8
2004,GRE,Silver,18
2004,HKG,Silver,2
2004,HUN,Bronze,4
2004,HUN,Gold,24
2004,HUN,Silver,12
2004,INA,Bronze,3
2004,INA,Gold,1
2004,INA,Silver,1
2004,IND,Silver,1
2004,IRI,Bronze,2
2004,IRI,Gold,2
2004,IRI,Silver,2
2004,ISR,Bronze,1
2004,ISR,Gold,1
2004,ITA,Bronze,39
2004,ITA,Gold,24
2004,ITA,Silver,39
2004,JAM,Bronze,6
2004,JAM,Gold,6
2004,JAM,Silver,1
2004,JPN,Bronze,53
2004,JPN,Gold,21
2004,JPN,Silver,20
2004,KAZ,Bronze,3
2004,KAZ,Gold,1
2004,KAZ,Silver,4
2004,KEN,Bronze,2
2004,KEN,Gold,1
2004,KEN,Silver,4
2004,KOR,Bronze,10
2004,KOR,Gold,14
2004,KOR,Silver,28
2004,LAT,Silver,4
2004,LTU,Gold,1
2004,LTU,Silver,2
2004,MAR,Gold,2
2004,MAR,Silver,1
2004,MEX,Bronze,1
2004,MEX,Silver,3
2004,MGL,Bronze,1
2004,NED,Bronze,22
2004,NED,Gold,4
2004,NED,Silver,50
2004,NGR,Bronze,8
2004,NOR,Bronze,2
2004,NOR,Gold,5
2004,NZL,Gold,4
2004,NZL,Silver,2
2004,PAR,Silver,17
2004,POL,Bronze,6
2004,POL,Gold,4
2004,POL,Silver,2
2004,POR,Bronze,1
2004,POR,Silver,2
2004,PRK,Bronze,1
2004,PRK,Silver,4
2004,ROU,Bronze,11
2004,ROU,Gold,23
2004,ROU,Silver,5
2004,RSA,Bronze,3
2004,RSA,Gold,4
2004,RSA,Silver,3
2004,RUS,Bronze,96
2004,RUS,Gold,47
2004,RUS,Silver,49
2004,SCG,Silver,14
2004,SLO,Bronze,3
2004,SLO,Silver,2
2004,SUI,Bronze,4
2004,SUI,Gold,1
2004,SUI,Silver,2
2004,SVK,Bronze,5
2004,SVK,Gold,3
2004,SVK,Silver,2
2004,SWE,Bronze,2
2004,SWE,Gold,5
2004,SWE,Silver,5
2004,SYR,Bronze,1
2004,THA,Bronze,4
2004,THA,Gold,3
2004,THA,Silver,1
2004,TPE,Bronze,3
2004,TPE,Gold,2
2004,TPE,Silver,4
2004,TRI,Bronze,1
2004,TUR,Bronze,4
2004,TUR,Gold,3
2004,TUR,Silver,3
2004,UAE,Gold,1
2004,UKR,Bronze,31
2004,UKR,Gold,9
2004,UKR,Silver,8
2004,USA,Bronze,73
2004,USA,Gold,116
2004,USA,Silver,75
2004,UZB,Bronze,2
2004,UZB,Gold,2
2004,UZB,Silver,1
2004,VEN,Bronze,2
2004,ZIM,Bronze,1
2004,ZIM,Gold,1
2004,ZIM,Silver,1
2008,AFG,Bronze,1
2008,ALG,Bronze,1
2008,ALG,Silver,1
2008,ARG,Bronze,31
2008,ARG,Gold,20
2008,ARM,Bronze,6
2008,AUS,Bronze,76
2008,AUS,Gold,31
2008,AUS,Silver,42
2008,AUT,Bronze,2
2008,AUT,Silver,1
2008,AZE,Bronze,4
2008,AZE,Gold,1
2008,AZE,Silver,2
2008,BAH,Bronze,1
2008,BAH,Silver,4
2008,BEL,Gold,1
2008,BEL,Silver,4
2008,BLR,Bronze,17
2008,BLR,Gold,8
2008,BLR,Silver,5
2008,BRA,Bronze,27
2008,BRA,Gold,14
2008,BRA,Silver,34
2008,BUL,Bronze,3
2008,BUL,Gold,1
2008,BUL,Silver,1
2008,CAN,Bronze,10
2008,CAN,Gold,11
2008,CAN,Silver,13
2008,CHI,Silver,1
2008,CHN,Bronze,57
2008,CHN,Gold,74
2008,CHN,Silver,53
2008,CMR,Gold,1
2008,COL,Bronze,1
2008,COL,Silver,1
2008,CRO,Bronze,3
2008,CRO,Silver,2
2008,CUB,Bronze,11
2008,CUB,Gold,2
2008,CUB,Silver,34
2008,CZE,Gold,3
2008,CZE,Silver,4
2008,DEN,Bronze,6
2008,DEN,Gold,6
2008,DEN,Silver,6
2008,DOM,Gold,1
2008,DOM,Silver,1
2008,ECU,Silver,1
2008,EGY,Bronze,1
2008,ESP,Bronze,16
2008,ESP,Gold,7
2008,ESP,Silver,48
2008,EST,Gold,1
2008,EST,Silver,2
2008,ETH,Bronze,2
2008,ETH,Gold,4
2008,ETH,Silver,1
2008,FIN,Bronze,2
2008,FIN,Gold,1
2008,FIN,Silver,2
2008,FRA,Bronze,28
2008,FRA,Gold,25
2008,FRA,Silver,23
2008,GBR,Bronze,21
2008,GBR,Gold,31
2008,GBR,Silver,25
2008,GEO,Bronze,3
2008,GEO,Gold,3
2008,GER,Bronze,43
2008,GER,Gold,42
2008,GER,Silver,16
2008,GRE,Bronze,4
2008,GRE,Silver,3
2008,HUN,Bronze,3
2008,HUN,Gold,16
2008,HUN,Silver,8
2008,INA,Bronze,3
2008,INA,Gold,2
2008,INA,Silver,2
2008,IND,Bronze,2
2008,IND,Gold,1
2008,IRI,Bronze,1
2008,IRI,Gold,1
2008,IRL,Bronze,2
2008,IRL,Silver,1
2008,ISL,Silver,14
2008,ISR,Bronze,1
2008,ITA,Bronze,20
2008,ITA,Gold,8
2008,ITA,Silver,14
2008,JAM,Bronze,5
2008,JAM,Gold,9
2008,JAM,Silver,3
2008,JPN,Bronze,17
2008,JPN,Gold,23
2008,JPN,Silver,11
2008,KAZ,Bronze,7
2008,KAZ,Gold,2
2008,KAZ,Silver,4
2008,KEN,Bronze,4
2008,KEN,Gold,6
2008,KEN,Silver,4
2008,KGZ,Bronze,1
2008,KGZ,Silver,1
2008,KOR,Bronze,26
2008,KOR,Gold,41
2008,KOR,Silver,11
2008,LAT,Bronze,1
2008,LAT,Gold,1
2008,LAT,Silver,1
2008,LTU,Bronze,3
2008,LTU,Silver,2
2008,MAR,Bronze,1
2008,MAR,Silver,1
2008,MAS,Silver,1
2008,MDA,Bronze,1
2008,MEX,Bronze,2
2008,MEX,Gold,2
2008,MGL,Gold,2
2008,MGL,Silver,2
2008,MRI,Bronze,1
2008,NED,Bronze,4
2008,NED,Gold,40
2008,NED,Silver,18
2008,NGR,Bronze,6
2008,NGR,Silver,18
2008,NOR,Bronze,1
2008,NOR,Gold,16
2008,NOR,Silver,5
2008,NZL,Bronze,8
2008,NZL,Gold,4
2008,NZL,Silver,2
2008,PAN,Gold,1
2008,POL,Bronze,1
2008,POL,Gold,6
2008,POL,Silver,13
2008,POR,Gold,1
2008,POR,Silver,1
2008,PRK,Bronze,3
2008,PRK,Gold,2
2008,PRK,Silver,1
2008,ROU,Bronze,16
2008,ROU,Gold,5
2008,ROU,Silver,1
2008,RSA,Silver,1
2008,RUS,Bronze,56
2008,RUS,Gold,43
2008,RUS,Silver,44
2008,SIN,Silver,3
2008,SLO,Bronze,2
2008,SLO,Gold,1
2008,SLO,Silver,2
2008,SRB,Bronze,14
2008,SRB,Silver,1
2008,SUD,Silver,1
2008,SUI,Bronze,8
2008,SUI,Gold,3
2008,SVK,Bronze,1
2008,SVK,Gold,4
2008,SVK,Silver,5
2008,SWE,Bronze,2
2008,SWE,Silver,5
2008,THA,Gold,2
2008,THA,Silver,2
2008,TJK,Bronze,1
2008,TJK,Silver,1
2008,TOG,Bronze,1
2008,TPE,Bronze,4
2008,TRI,Silver,5
2008,TUN,Gold,1
2008,TUR,Bronze,3
2008,TUR,Gold,1
2008,TUR,Silver,4
2008,UKR,Bronze,16
2008,UKR,Gold,10
2008,UKR,Silver,5
2008,USA,Bronze,81
2008,USA,Gold,125
2008,USA,Silver,109
2008,UZB,Bronze,3
2008,UZB,Gold,1
2008,UZB,Silver,2
2008,VEN,Bronze,1
2008,VIE,Silver,1
2008,ZIM,Gold,1
2008,ZIM,Silver,3
